[
  {
    "id": "1e656c1e-9e9a-4852-8510-ff77e89b5a12",
    "data": [
      {
        "text": "What about losing sense of taste",
        "userDefined": false
      }
    ],
    "isTemplate": false,
    "count": 0,
    "updated": 0
  },
  {
    "id": "4e40406e-8634-41a4-a66c-476df99ac49a",
    "data": [
      {
        "text": "Is losing sense of smell a symptom of Covid?",
        "userDefined": false
      }
    ],
    "isTemplate": false,
    "count": 0,
    "updated": 0
  },
  {
    "id": "b57ac3da-eda7-4034-8720-64d285c366fa",
    "data": [
      {
        "text": "is red eyes a symptom",
        "userDefined": false
      }
    ],
    "isTemplate": false,
    "count": 0,
    "updated": 0
  },
  {
    "id": "a566d07c-279a-4e1b-9fed-55066cf4ed6f",
    "data": [
      {
        "text": "what are the symptoms?",
        "userDefined": false
      }
    ],
    "isTemplate": false,
    "count": 1,
    "updated": 0
  },
  {
    "id": "73a7cb2c-a3cf-40b6-af8b-239919c03bac",
    "data": [
      {
        "text": "is chest pain a symptom",
        "userDefined": false
      }
    ],
    "isTemplate": false,
    "count": 0,
    "updated": 0
  },
  {
    "id": "51dcaecd-b12a-4067-8a10-b01e4a6609b7",
    "data": [
      {
        "text": "What are the signs of someone who caught Coronavirus?",
        "userDefined": false
      }
    ],
    "isTemplate": false,
    "count": 0,
    "updated": 0
  },
  {
    "id": "7f365aa7-9825-4850-a598-740e46762931",
    "data": [
      {
        "text": "And what are the symptoms?",
        "userDefined": false
      }
    ],
    "isTemplate": false,
    "count": 0,
    "updated": 0
  },
  {
    "id": "6e127c4f-9ac8-47f4-a8c2-382fda10ea83",
    "data": [
      {
        "text": "what happens if you get it",
        "userDefined": false
      }
    ],
    "isTemplate": false,
    "count": 1,
    "updated": 0
  },
  {
    "id": "2a6cde2e-2d6b-4c50-a2c9-19206268508f",
    "data": [
      {
        "text": "what happens if you get the virus",
        "userDefined": false
      }
    ],
    "isTemplate": false,
    "count": 0,
    "updated": 0
  },
  {
    "id": "7ae42a98-d134-4345-82f8-16f4e02fe9a1",
    "data": [
      {
        "text": "what happens when you get the virus",
        "userDefined": false
      }
    ],
    "isTemplate": false,
    "count": 0,
    "updated": 0
  },
  {
    "id": "60fac071-1141-474c-a6f0-fb573fa6b947",
    "data": [
      {
        "text": "how do I know if I have it",
        "userDefined": false
      }
    ],
    "isTemplate": false,
    "count": 0,
    "updated": 0
  },
  {
    "id": "61909932-4518-4df8-92b2-ba22d873f258",
    "data": [
      {
        "text": "How do I know if I have it or not?",
        "userDefined": false
      }
    ],
    "isTemplate": false,
    "count": 0,
    "updated": 0
  },
  {
    "id": "aa21fcaa-71a7-4d4f-be6d-4c0bec4fd052",
    "data": [
      {
        "text": "what indicates that I might have it",
        "userDefined": false
      }
    ],
    "isTemplate": false,
    "count": 1,
    "updated": 0
  },
  {
    "id": "5f2dc19b-54de-4bc6-a766-6428623635f7",
    "data": [
      {
        "text": "what indications",
        "userDefined": false
      }
    ],
    "isTemplate": false,
    "count": 0,
    "updated": 0
  },
  {
    "id": "e564cd73-3477-4407-9094-3b6d35dc8017",
    "data": [
      {
        "text": "What are the top symptom of covid-19?",
        "userDefined": false
      }
    ],
    "isTemplate": false,
    "count": 0,
    "updated": 0
  },
  {
    "id": "d27e89d0-e071-43b5-a4d3-1793e25190c1",
    "data": [
      {
        "text": "how do I know if I have the virus?",
        "userDefined": false
      }
    ],
    "isTemplate": false,
    "count": 1,
    "updated": 0
  },
  {
    "id": "3a85e006-f56c-4ed7-91cc-678f228a750f",
    "data": [
      {
        "text": "what are main symptoms of covid-19?",
        "userDefined": false
      }
    ],
    "isTemplate": false,
    "count": 0,
    "updated": 0
  },
  {
    "id": "9beb7363-73f9-455d-8ce8-5e09a362ce9f",
    "data": [
      {
        "text": "My throat is scratchy, how do i know if it is serious?",
        "userDefined": false
      }
    ],
    "isTemplate": false,
    "count": 0,
    "updated": 0
  },
  {
    "id": "fc46bbc9-9e15-47f2-824f-96a1f98f17cb",
    "data": [
      {
        "text": "What are covid symptoms?",
        "userDefined": false
      }
    ],
    "isTemplate": false,
    "count": 0,
    "updated": 0
  },
  {
    "id": "9a0e3d6f-3836-4059-9c16-d834c55e87a4",
    "data": [
      {
        "text": "how do i find out if i have covid-19",
        "userDefined": false
      }
    ],
    "isTemplate": false,
    "count": 0,
    "updated": 0
  },
  {
    "id": "cc42445d-a47e-4790-a884-0f07dde6e386",
    "data": [
      {
        "text": "What are the symptoms of covid-19",
        "userDefined": false
      }
    ],
    "isTemplate": false,
    "count": 0,
    "updated": 0
  },
  {
    "id": "aa6991b6-619a-482d-babf-3f699217bc20",
    "data": [
      {
        "text": "I have a rash, is that a symptom?",
        "userDefined": false
      }
    ],
    "isTemplate": false,
    "count": 0,
    "updated": 0
  },
  {
    "id": "0897b316-9381-4c07-81fc-ba53e0875a8a",
    "data": [
      {
        "text": "how do i know if i have coronavirus?",
        "userDefined": false
      }
    ],
    "isTemplate": false,
    "count": 0,
    "updated": 0
  },
  {
    "id": "d2a20a57-c9fa-4ce3-9b68-c1b045cc2299",
    "data": [
      {
        "text": "What are the symptoms of covid-19?",
        "userDefined": false
      }
    ],
    "isTemplate": false,
    "count": 0,
    "updated": 0
  },
  {
    "id": "4637370b-35a7-4887-a44a-28368a9ef97d",
    "data": [
      {
        "text": "Tell me about symptoms.",
        "userDefined": false
      }
    ],
    "isTemplate": false,
    "count": 0,
    "updated": 0
  },
  {
    "id": "10e96e94-7824-4abf-b5b5-0f2dae9ceafb",
    "data": [
      {
        "text": "do you have a symptom checklist?",
        "userDefined": false
      }
    ],
    "isTemplate": false,
    "count": 1,
    "updated": 0
  },
  {
    "id": "d88aa7ef-2fc7-4d2a-a171-1476a629747c",
    "data": [
      {
        "text": "How can I tell if I have covid-19?",
        "userDefined": false
      }
    ],
    "isTemplate": false,
    "count": 1,
    "updated": 0
  },
  {
    "id": "64a12bd4-5957-4a03-98ad-527a039dce0e",
    "data": [
      {
        "text": "how can i tell if i have covid-19?",
        "userDefined": false
      }
    ],
    "isTemplate": false,
    "count": 0,
    "updated": 0
  },
  {
    "id": "98f9e499-2cc1-44a6-886a-faa9c90a8603",
    "data": [
      {
        "text": "how do I check for symptoms?",
        "userDefined": false
      }
    ],
    "isTemplate": false,
    "count": 0,
    "updated": 0
  },
  {
    "id": "6803546e-fa9d-44ac-a287-e2fcbd1e0d40",
    "data": [
      {
        "text": "What are the symptoms?",
        "userDefined": false
      }
    ],
    "isTemplate": false,
    "count": 0,
    "updated": 0
  },
  {
    "id": "6f35a6c6-1fbf-4c2b-b016-56c5134be282",
    "data": [
      {
        "text": "What is the signs of covid-19?",
        "userDefined": false
      }
    ],
    "isTemplate": false,
    "count": 0,
    "updated": 0
  },
  {
    "id": "33c0e3a3-6b44-4711-8448-18b6092f3223",
    "data": [
      {
        "text": "How do I know if I\u0027m feeling exposed?",
        "userDefined": false
      }
    ],
    "isTemplate": false,
    "count": 0,
    "updated": 0
  },
  {
    "id": "2ac40d08-6fc1-4ad1-9cad-c2b1556e35f2",
    "data": [
      {
        "text": "What are the symptoms of Coronavirus?",
        "userDefined": false
      }
    ],
    "isTemplate": false,
    "count": 0,
    "updated": 0
  },
  {
    "id": "7aa2a0c6-f15f-400f-8537-f64f8a67c02b",
    "data": [
      {
        "text": "How to tell if i am infected?",
        "userDefined": false
      }
    ],
    "isTemplate": false,
    "count": 0,
    "updated": 0
  },
  {
    "id": "0d5e6148-8cf9-4199-8d91-71c6fafe8368",
    "data": [
      {
        "text": "what is it like to have the virus?",
        "userDefined": false
      }
    ],
    "isTemplate": false,
    "count": 0,
    "updated": 0
  },
  {
    "id": "32b9548c-ad2d-4f88-8ec1-82f92db8fcb4",
    "data": [
      {
        "text": "what is it like to have the virus",
        "userDefined": false
      }
    ],
    "isTemplate": false,
    "count": 0,
    "updated": 0
  },
  {
    "id": "a7aa0e4e-67cc-4bcd-9354-d874b65e8650",
    "data": [
      {
        "text": "what symptoms",
        "userDefined": false
      }
    ],
    "isTemplate": false,
    "count": 0,
    "updated": 0
  },
  {
    "id": "0557d57d-2c9e-49bd-bf7e-daef45ecd699",
    "data": [
      {
        "text": "is a runny nose a symptom of corona virus?",
        "userDefined": false
      }
    ],
    "isTemplate": false,
    "count": 0,
    "updated": 0
  },
  {
    "id": "acf8a4b6-5c4c-4244-bf7f-952d1faf411d",
    "data": [
      {
        "text": "what should I look for to indicate I need a test for the covid19 virus",
        "userDefined": false
      }
    ],
    "isTemplate": false,
    "count": 0,
    "updated": 0
  },
  {
    "id": "323bb39c-3ceb-464f-b8a7-8643283d9e2b",
    "data": [
      {
        "text": "How do I know if I have the virus?",
        "userDefined": false
      }
    ],
    "isTemplate": false,
    "count": 0,
    "updated": 0
  },
  {
    "id": "ca1b360e-84d4-42bc-9ad4-b7ae1808edd2",
    "data": [
      {
        "text": "what symptoms do people show?",
        "userDefined": false
      }
    ],
    "isTemplate": false,
    "count": 0,
    "updated": 0
  },
  {
    "id": "e7128557-5bda-4796-bb53-8382a2703256",
    "data": [
      {
        "text": "Covid symptoms",
        "userDefined": false
      }
    ],
    "isTemplate": false,
    "count": 0,
    "updated": 0
  },
  {
    "id": "ead30434-270b-4256-9eb6-11254ea76774",
    "data": [
      {
        "text": "Symptoms",
        "userDefined": false
      }
    ],
    "isTemplate": false,
    "count": 0,
    "updated": 0
  },
  {
    "id": "09ce769c-114b-4c3d-b08a-39dc327c4224",
    "data": [
      {
        "text": "symptoms",
        "userDefined": false
      }
    ],
    "isTemplate": false,
    "count": 1,
    "updated": 0
  },
  {
    "id": "5600ef51-7c1d-463c-94dc-5c67503755d6",
    "data": [
      {
        "text": "How do I know if I\u0027m sick?",
        "userDefined": false
      }
    ],
    "isTemplate": false,
    "count": 0,
    "updated": 0
  },
  {
    "id": "c6698054-1aa2-4e9d-abeb-54cd238a11e8",
    "data": [
      {
        "text": "what are the symptoms of code 19",
        "userDefined": false
      }
    ],
    "isTemplate": false,
    "count": 0,
    "updated": 0
  },
  {
    "id": "745c84cb-d849-4b82-a1ce-bc33e0a77748",
    "data": [
      {
        "text": "what symptoms should i be concerned about",
        "userDefined": false
      }
    ],
    "isTemplate": false,
    "count": 0,
    "updated": 0
  },
  {
    "id": "90fac4bf-c9ce-4e0f-88c9-f39be10a03a6",
    "data": [
      {
        "text": "What are the symptoms",
        "userDefined": false
      }
    ],
    "isTemplate": false,
    "count": 0,
    "updated": 0
  },
  {
    "id": "ee978d29-5acc-4c28-95a6-96dc3c83bb15",
    "data": [
      {
        "text": "How do I know if I\u0027m infected?",
        "userDefined": false
      }
    ],
    "isTemplate": false,
    "count": 1,
    "updated": 0
  },
  {
    "id": "dfe9056e-69da-4e54-9391-7f5b3ec3bbe2",
    "data": [
      {
        "text": "How do I know that I\u0027m infected by the Coronavirus?",
        "userDefined": false
      }
    ],
    "isTemplate": false,
    "count": 0,
    "updated": 0
  },
  {
    "id": "141ccc0f-b98f-487c-913b-227926c58934",
    "data": [
      {
        "text": "what are the symptoms",
        "userDefined": false
      }
    ],
    "isTemplate": false,
    "count": 0,
    "updated": 0
  },
  {
    "id": "d3aaa218-c43f-4f51-9b6c-58661561d86a",
    "data": [
      {
        "text": "OK and what if I have symptoms, how do I know? What are the symptoms?",
        "userDefined": false
      }
    ],
    "isTemplate": false,
    "count": 0,
    "updated": 0
  },
  {
    "id": "a7b7a6a0-b295-451e-af5f-06910f85539e",
    "data": [
      {
        "text": "I\u0027m not sure if I have Corona",
        "userDefined": false
      }
    ],
    "isTemplate": false,
    "count": 0,
    "updated": 0
  },
  {
    "id": "a2a2a5db-0475-47b7-a87a-63e62b35bbbb",
    "data": [
      {
        "text": "how do I know if I have corona virus",
        "userDefined": false
      }
    ],
    "isTemplate": false,
    "count": 0,
    "updated": 0
  },
  {
    "id": "f481dbbd-55ef-415c-a145-0a89ee7287ca",
    "data": [
      {
        "text": "what are the sypmtoms?",
        "userDefined": false
      }
    ],
    "isTemplate": false,
    "count": 0,
    "updated": 0
  },
  {
    "id": "706527dc-b542-4bda-b037-2a6d5a72f047",
    "data": [
      {
        "text": "what are the symptoms this coronavirus causes?",
        "userDefined": false
      }
    ],
    "isTemplate": false,
    "count": 0,
    "updated": 0
  },
  {
    "id": "06d1c4f0-0e8b-48dd-91f0-4637ca901ce0",
    "data": [
      {
        "text": "how can I tell if I have coronavirus?",
        "userDefined": false
      }
    ],
    "isTemplate": false,
    "count": 0,
    "updated": 0
  },
  {
    "id": "ecbc15e1-7e4b-41a6-87bb-9bfc882c4e46",
    "data": [
      {
        "text": "symptoms of coronavirus",
        "userDefined": false
      }
    ],
    "isTemplate": false,
    "count": 0,
    "updated": 0
  },
  {
    "id": "f99efe4f-979e-4421-95cc-83bd6fc3abfd",
    "data": [
      {
        "text": "common symptoms of covid ",
        "userDefined": false
      },
      {
        "text": "19",
        "meta": "@sys.ignore",
        "userDefined": false
      }
    ],
    "isTemplate": false,
    "count": 1,
    "updated": 0
  },
  {
    "id": "3fc115e6-85b4-44f0-989f-62d8d6049efc",
    "data": [
      {
        "text": "how can i tell if i am infected?",
        "userDefined": false
      }
    ],
    "isTemplate": false,
    "count": 0,
    "updated": 0
  },
  {
    "id": "b8f6b43c-dabf-4d4a-a6a5-90cdad15eaea",
    "data": [
      {
        "text": "flu symptoms vs coronavirus symptoms",
        "userDefined": false
      }
    ],
    "isTemplate": false,
    "count": 0,
    "updated": 0
  },
  {
    "id": "348af477-a924-41b3-a3d5-5f338da1449e",
    "data": [
      {
        "text": "what are the common coronavirus symptoms?",
        "userDefined": false
      }
    ],
    "isTemplate": false,
    "count": 0,
    "updated": 0
  },
  {
    "id": "7cfdb9f4-848d-47d4-afce-f9c1f834d193",
    "data": [
      {
        "text": "what are the warning signs to know about coronavirus?",
        "userDefined": false
      }
    ],
    "isTemplate": false,
    "count": 0,
    "updated": 0
  },
  {
    "id": "232a6e45-0af6-4bca-9568-146d03db110c",
    "data": [
      {
        "text": "how does the new coronavirus symptoms compare with the flu?",
        "userDefined": false
      }
    ],
    "isTemplate": false,
    "count": 0,
    "updated": 0
  },
  {
    "id": "fcd74f5c-3d39-4d25-9a77-16c88748eb39",
    "data": [
      {
        "text": "what are the signs of a coronavirus infection?",
        "userDefined": false
      }
    ],
    "isTemplate": false,
    "count": 0,
    "updated": 0
  },
  {
    "id": "fddd54f0-281f-4c04-82c2-88eea0ce3063",
    "data": [
      {
        "text": "what are the symptoms and complications that COVID-19 can cause?",
        "userDefined": false
      }
    ],
    "isTemplate": false,
    "count": 0,
    "updated": 0
  },
  {
    "id": "247a0f00-0e9b-4898-b648-2568c0a52817",
    "data": [
      {
        "text": "how do I know if I have caught coronavirus or not?",
        "userDefined": false
      }
    ],
    "isTemplate": false,
    "count": 0,
    "updated": 0
  },
  {
    "id": "2137132d-3c09-4ff9-ad2c-ab79e4801c3e",
    "data": [
      {
        "text": "what are the signs of someone who had caught covid-19?",
        "userDefined": false
      }
    ],
    "isTemplate": false,
    "count": 0,
    "updated": 0
  }
]