[
  {
    "id": "d57dd046-f029-44a6-a0f7-647296604401",
    "data": [
      {
        "text": "What if I don\u0027t have any sanitizer?",
        "userDefined": false
      }
    ],
    "isTemplate": false,
    "count": 0,
    "updated": 0
  },
  {
    "id": "eed5bdf3-86d6-4872-aa45-938b4c105221",
    "data": [
      {
        "text": "what\u0027s better a sanitizer or hand washing",
        "userDefined": false
      }
    ],
    "isTemplate": false,
    "count": 0,
    "updated": 0
  },
  {
    "id": "332776ff-2868-4bf2-8fbf-e9092e7e9661",
    "data": [
      {
        "text": "what if I don\u0027t have any sanitizer",
        "userDefined": false
      }
    ],
    "isTemplate": false,
    "count": 0,
    "updated": 0
  },
  {
    "id": "8afba35f-2887-4541-8167-7c631f6141b1",
    "data": [
      {
        "text": "does liquor work to sanitize",
        "userDefined": false
      }
    ],
    "isTemplate": false,
    "count": 0,
    "updated": 0
  },
  {
    "id": "2a72cbbd-ffb5-4d9d-86d5-0327e9193521",
    "data": [
      {
        "text": "can I wash my hands in liquor",
        "userDefined": false
      }
    ],
    "isTemplate": false,
    "count": 0,
    "updated": 0
  },
  {
    "id": "df91e58e-f149-485e-b3c6-2e02f5c854bf",
    "data": [
      {
        "text": "how can I use liquor",
        "userDefined": false
      }
    ],
    "isTemplate": false,
    "count": 0,
    "updated": 0
  },
  {
    "id": "b66a77f3-4d21-42ef-9a30-26514e3df3ab",
    "data": [
      {
        "text": "where can I get hand sanitizer",
        "userDefined": false
      }
    ],
    "isTemplate": false,
    "count": 0,
    "updated": 0
  },
  {
    "id": "6d3d420a-0078-4a08-b737-4680ac2242b1",
    "data": [
      {
        "text": "hand sanitizers are not available, what can I use instead?",
        "userDefined": false
      }
    ],
    "isTemplate": false,
    "count": 0,
    "updated": 0
  },
  {
    "id": "9cf7245c-8ff3-4aae-a9f9-0fd3ee53cd47",
    "data": [
      {
        "text": "Is hand sanitizer better than soap?",
        "userDefined": false
      }
    ],
    "isTemplate": false,
    "count": 0,
    "updated": 0
  },
  {
    "id": "9408baae-ea65-4ef4-8341-e231593d7962",
    "data": [
      {
        "text": "Is hand sanitizer useful in killing coronavirus?",
        "userDefined": false
      }
    ],
    "isTemplate": false,
    "count": 0,
    "updated": 0
  },
  {
    "id": "7871b360-67d5-4493-b3e2-001284e6eb2a",
    "data": [
      {
        "text": "Can i use rubbing alcohol if I don\u0027t have hand sanitizer?",
        "userDefined": false
      }
    ],
    "isTemplate": false,
    "count": 0,
    "updated": 0
  },
  {
    "id": "3c84b281-212c-47b8-bb89-03e94f042f29",
    "data": [
      {
        "text": "all hand sanitizers are sold out, what can I do?",
        "userDefined": false
      }
    ],
    "isTemplate": false,
    "count": 0,
    "updated": 0
  },
  {
    "id": "9236d867-4613-4de3-9b09-19d6adc29621",
    "data": [
      {
        "text": "can i kill the virus using liquor?",
        "userDefined": false
      }
    ],
    "isTemplate": false,
    "count": 0,
    "updated": 0
  },
  {
    "id": "5a248a5f-9a9f-4c76-84df-7e39a31bab8a",
    "data": [
      {
        "text": "can i use liquor to fight against coronavirus?",
        "userDefined": false
      }
    ],
    "isTemplate": false,
    "count": 0,
    "updated": 0
  },
  {
    "id": "e38f08a5-51f9-4238-9b91-c053f028f856",
    "data": [
      {
        "text": "what can i do if I don\u0027t have hand sanitizer?",
        "userDefined": false
      }
    ],
    "isTemplate": false,
    "count": 0,
    "updated": 0
  },
  {
    "id": "c0d1fcac-ca38-42e2-9974-12753d11de18",
    "data": [
      {
        "text": "Can I use a strong alcohol content liquor in liue of hand sanitizer?",
        "userDefined": false
      }
    ],
    "isTemplate": false,
    "count": 0,
    "updated": 0
  },
  {
    "id": "34faa699-c452-489c-893c-5efd065f4a48",
    "data": [
      {
        "text": "What alternatives do I have if there are no hand sanitizers available? Can I use other alcohol like ethyl or liquor?",
        "userDefined": false
      }
    ],
    "isTemplate": false,
    "count": 0,
    "updated": 0
  }
]