[
  {
    "id": "2a5e8edf-c7d5-4882-b53a-1eb6041aafea",
    "data": [
      {
        "text": "Do I need to stay at home?",
        "userDefined": false
      }
    ],
    "isTemplate": false,
    "count": 0,
    "updated": 0
  },
  {
    "id": "9a44b93a-17b6-4441-aea7-9b94f4f30fd5",
    "data": [
      {
        "text": "Should I work from home?",
        "userDefined": false
      }
    ],
    "isTemplate": false,
    "count": 0,
    "updated": 0
  },
  {
    "id": "8f57fa75-62a0-49e4-ae90-ca5a57a9f518",
    "data": [
      {
        "text": "How long do I have to stay isolated?",
        "userDefined": false
      }
    ],
    "isTemplate": false,
    "count": 0,
    "updated": 0
  },
  {
    "id": "df37a95a-343e-4a64-a637-d1ea5f3f66a1",
    "data": [
      {
        "text": "how long do I need to stay at home",
        "userDefined": false
      }
    ],
    "isTemplate": false,
    "count": 0,
    "updated": 0
  },
  {
    "id": "1e93d504-a440-44ca-8784-af6a1eee2355",
    "data": [
      {
        "text": "how long should I stay at home",
        "userDefined": false
      }
    ],
    "isTemplate": false,
    "count": 0,
    "updated": 0
  },
  {
    "id": "98a00ac6-6aef-4ce2-9ae4-86f9cde66177",
    "data": [
      {
        "text": "What is shelter in place?",
        "userDefined": false
      }
    ],
    "isTemplate": false,
    "count": 0,
    "updated": 0
  },
  {
    "id": "4959ba35-9630-4e05-9a89-c012a426de1d",
    "data": [
      {
        "text": "when should I stay at home",
        "userDefined": false
      }
    ],
    "isTemplate": false,
    "count": 0,
    "updated": 0
  },
  {
    "id": "b1342861-ef61-41f0-940a-984a2cd606c0",
    "data": [
      {
        "text": "f I get sick how long to I need to be incubated",
        "userDefined": false
      }
    ],
    "isTemplate": false,
    "count": 0,
    "updated": 0
  },
  {
    "id": "d7451c6e-597d-4cac-803d-e57a6972481a",
    "data": [
      {
        "text": "Are we required to stay in place?",
        "userDefined": false
      }
    ],
    "isTemplate": false,
    "count": 0,
    "updated": 0
  },
  {
    "id": "0c6a591c-40cf-420a-8503-5b2d0f57e15c",
    "data": [
      {
        "text": "should I stay home or go outside",
        "userDefined": false
      }
    ],
    "isTemplate": false,
    "count": 1,
    "updated": 0
  },
  {
    "id": "7117320b-79a5-429e-841d-d4e128441c61",
    "data": [
      {
        "text": "where are we required to shelter in place\"",
        "userDefined": false
      }
    ],
    "isTemplate": false,
    "count": 0,
    "updated": 0
  },
  {
    "id": "2ddebfe8-7a40-43c9-95a3-ccbb563ec0bf",
    "data": [
      {
        "text": "what is shelter in place?",
        "userDefined": false
      }
    ],
    "isTemplate": false,
    "count": 0,
    "updated": 0
  },
  {
    "id": "857c3f29-05ae-40c5-a851-013699a4d267",
    "data": [
      {
        "text": "how long will this quarantine last for?",
        "userDefined": false
      }
    ],
    "isTemplate": false,
    "count": 0,
    "updated": 0
  },
  {
    "id": "1304c109-c449-4a1b-a104-4873cd830e8a",
    "data": [
      {
        "text": "where are we required to shelter in place",
        "userDefined": false
      }
    ],
    "isTemplate": false,
    "count": 0,
    "updated": 0
  },
  {
    "id": "ea9675c4-1d1a-46eb-a496-1934fd29f530",
    "data": [
      {
        "text": "why are we required to have shelter in place?",
        "userDefined": false
      }
    ],
    "isTemplate": false,
    "count": 0,
    "updated": 0
  },
  {
    "id": "23d0c293-d2c2-4989-a0f0-f2f9723cbda7",
    "data": [
      {
        "text": "how long do i need to sit in quarantaine?",
        "userDefined": false
      }
    ],
    "isTemplate": false,
    "count": 0,
    "updated": 0
  },
  {
    "id": "a0b20be2-f9b7-4f1a-9dc8-e60a36b044db",
    "data": [
      {
        "text": "How long do I need to stay away from other people",
        "userDefined": false
      }
    ],
    "isTemplate": false,
    "count": 0,
    "updated": 0
  },
  {
    "id": "fe6fdd40-b5a3-4d81-b095-d4386ccf493c",
    "data": [
      {
        "text": "can I go outside if I\u0027m infected?",
        "userDefined": false
      }
    ],
    "isTemplate": false,
    "count": 0,
    "updated": 0
  },
  {
    "id": "ae5d07cf-ec0f-4f84-ae39-ed340cb3cc3e",
    "data": [
      {
        "text": "Can I leave my house?",
        "userDefined": false
      }
    ],
    "isTemplate": false,
    "count": 1,
    "updated": 0
  },
  {
    "id": "77537d72-04d8-4972-af59-266a83d29a4e",
    "data": [
      {
        "text": "Who should stay shelter in place?",
        "userDefined": false
      }
    ],
    "isTemplate": false,
    "count": 0,
    "updated": 0
  },
  {
    "id": "76d49fed-0f1c-4f53-9f0a-a694a1765256",
    "data": [
      {
        "text": "how many days should someone with symptoms stay inside",
        "userDefined": false
      }
    ],
    "isTemplate": false,
    "count": 1,
    "updated": 0
  },
  {
    "id": "dcf2ba59-8a81-46f3-bd16-67ac6cb1c034",
    "data": [
      {
        "text": "if I get sick how long to I need to be incubated",
        "userDefined": false
      }
    ],
    "isTemplate": false,
    "count": 0,
    "updated": 0
  },
  {
    "id": "ddf04209-58b0-4c71-afef-9205f086d0c1",
    "data": [
      {
        "text": "how long to I need to stay at home",
        "userDefined": false
      }
    ],
    "isTemplate": false,
    "count": 0,
    "updated": 0
  },
  {
    "id": "1a0e41c2-e650-4636-966d-ab2b919f4b42",
    "data": [
      {
        "text": "do I need to quarantine myself if I am sick",
        "userDefined": false
      }
    ],
    "isTemplate": false,
    "count": 0,
    "updated": 0
  },
  {
    "id": "ca5cb3f0-9b89-4caa-934d-e8ddf5a6b295",
    "data": [
      {
        "text": "How long do I quarantine?",
        "userDefined": false
      }
    ],
    "isTemplate": false,
    "count": 0,
    "updated": 0
  },
  {
    "id": "424d2710-5e94-44fd-a558-a8adc9b6f736",
    "data": [
      {
        "text": "How long do I need to stay away from other people?",
        "userDefined": false
      }
    ],
    "isTemplate": false,
    "count": 0,
    "updated": 0
  },
  {
    "id": "784393ef-ebf0-4807-b208-376fbb96e50b",
    "data": [
      {
        "text": "Do I have to self quarantine? It\u0027s time I fly.",
        "userDefined": false
      }
    ],
    "isTemplate": false,
    "count": 0,
    "updated": 0
  },
  {
    "id": "6a30fb6f-a1a2-45ef-ad9d-fdee46738508",
    "data": [
      {
        "text": "How long should I stay quarantined?",
        "userDefined": false
      }
    ],
    "isTemplate": false,
    "count": 1,
    "updated": 0
  },
  {
    "id": "6e748265-5a1f-4c32-8559-ffeeb3a61bc3",
    "data": [
      {
        "text": "Should I quarantine myself?",
        "userDefined": false
      }
    ],
    "isTemplate": false,
    "count": 1,
    "updated": 0
  },
  {
    "id": "dbdd34fd-68d3-437b-8044-634b549a05d6",
    "data": [
      {
        "text": "should I stay at home?",
        "userDefined": false
      }
    ],
    "isTemplate": false,
    "count": 0,
    "updated": 0
  }
]