[
  {
    "id": "11445ad0-0b94-4e81-9ed7-55688371e2f9",
    "data": [
      {
        "text": "Well the warm weather stop the disease.",
        "userDefined": false
      }
    ],
    "isTemplate": false,
    "count": 0,
    "updated": 0
  },
  {
    "id": "218d5319-90ac-43b0-8183-b6a0b344cadd",
    "data": [
      {
        "text": "can the temperature have an effect on the virus spread",
        "userDefined": false
      }
    ],
    "isTemplate": false,
    "count": 0,
    "updated": 0
  },
  {
    "id": "4b6f1b1e-d0f2-4d26-8c0b-47b6fb5e1b04",
    "data": [
      {
        "text": "Will a warm weather start stop covid-19?",
        "userDefined": false
      }
    ],
    "isTemplate": false,
    "count": 0,
    "updated": 0
  },
  {
    "id": "7729710e-5bc6-4cb7-ae6b-06e075d21e96",
    "data": [
      {
        "text": "will corona dissapear when it gets warmer outside",
        "userDefined": false
      }
    ],
    "isTemplate": false,
    "count": 0,
    "updated": 0
  },
  {
    "id": "50e44031-a041-4fbd-9c9c-18ccd76bf446",
    "data": [
      {
        "text": "Can weather change?",
        "userDefined": false
      }
    ],
    "isTemplate": false,
    "count": 0,
    "updated": 0
  },
  {
    "id": "f3953055-b7ec-4035-b2b1-29831fb96687",
    "data": [
      {
        "text": "Will warm weather stop the outbreak?",
        "userDefined": false
      }
    ],
    "isTemplate": false,
    "count": 0,
    "updated": 0
  },
  {
    "id": "372ca0b6-c60b-4f28-b5bb-1578b80eb9c8",
    "data": [
      {
        "text": "does weather have an impact on the virus",
        "userDefined": false
      }
    ],
    "isTemplate": false,
    "count": 2,
    "updated": 0
  },
  {
    "id": "b6bfa76e-3472-4ed3-a226-705525690c75",
    "data": [
      {
        "text": "is it easier to spread if the climate is cold",
        "userDefined": false
      }
    ],
    "isTemplate": false,
    "count": 0,
    "updated": 0
  },
  {
    "id": "bfcb4319-3d05-4b86-9666-8fd957bb363b",
    "data": [
      {
        "text": "Does the weather have an impact on the virus?",
        "userDefined": false
      }
    ],
    "isTemplate": false,
    "count": 0,
    "updated": 0
  },
  {
    "id": "d68474a6-2d05-4cb5-8e42-ed74b6dbccad",
    "data": [
      {
        "text": "can hot weather prevent the virus to spread",
        "userDefined": false
      }
    ],
    "isTemplate": false,
    "count": 0,
    "updated": 0
  },
  {
    "id": "a6cb0a12-9510-4513-aa05-30874c7fb308",
    "data": [
      {
        "text": "can weather stop the virus",
        "userDefined": false
      }
    ],
    "isTemplate": false,
    "count": 0,
    "updated": 0
  },
  {
    "id": "eca89694-d484-4697-8fd2-652cd2c2ece1",
    "data": [
      {
        "text": "Is covid-19 seasonal?",
        "userDefined": false
      }
    ],
    "isTemplate": false,
    "count": 0,
    "updated": 0
  },
  {
    "id": "3edfd6b2-9e85-4112-9cd0-2555c8c6ba14",
    "data": [
      {
        "text": "Is covid-",
        "userDefined": false
      },
      {
        "text": "19",
        "meta": "@sys.ignore",
        "userDefined": false
      },
      {
        "text": " seasonal?",
        "userDefined": false
      }
    ],
    "isTemplate": false,
    "count": 0,
    "updated": 0
  },
  {
    "id": "c516fd52-b133-49b3-ba6e-2024a6353932",
    "data": [
      {
        "text": "Is there a certain temperature in which the virus dies?",
        "userDefined": false
      }
    ],
    "isTemplate": false,
    "count": 0,
    "updated": 0
  },
  {
    "id": "f7d53b54-09c5-49af-ab57-77fe68aba7c1",
    "data": [
      {
        "text": "does the virus die if you cool it or heat it up?",
        "userDefined": false
      }
    ],
    "isTemplate": false,
    "count": 0,
    "updated": 0
  },
  {
    "id": "26675282-42ef-4755-a37b-802ddf657f1b",
    "data": [
      {
        "text": "Will warm weather stop the outbreak of COVID-19?",
        "userDefined": false
      }
    ],
    "isTemplate": false,
    "count": 0,
    "updated": 0
  }
]