[
  {
    "id": "42a57409-c9a5-4efa-aa29-eb5d730530ef",
    "data": [
      {
        "text": "Can I still get medical care?",
        "userDefined": false
      }
    ],
    "isTemplate": false,
    "count": 0,
    "updated": 0
  },
  {
    "id": "f97785bb-6948-4d15-96cc-97bf62203f66",
    "data": [
      {
        "text": "Can I go to the doctor for my other conditions?",
        "userDefined": false
      }
    ],
    "isTemplate": false,
    "count": 0,
    "updated": 0
  },
  {
    "id": "fe3ee63d-7679-4b57-b58a-397fda0d16b3",
    "data": [
      {
        "text": "Can I still go to my regular medical appointments?",
        "userDefined": false
      }
    ],
    "isTemplate": false,
    "count": 0,
    "updated": 0
  },
  {
    "id": "3609b3eb-6675-4d88-88ee-bfa9172a97e5",
    "data": [
      {
        "text": "Is it safe to go to the doctor right now?",
        "userDefined": false
      }
    ],
    "isTemplate": false,
    "count": 0,
    "updated": 0
  },
  {
    "id": "42f847c1-1e59-4fc0-9000-a0097559b971",
    "data": [
      {
        "text": "Is it safe to get medical care for my other medical conditions during this time?",
        "userDefined": false
      }
    ],
    "isTemplate": false,
    "count": 0,
    "updated": 0
  }
]