[
  {
    "id": "9484099f-bcf0-440e-a377-015d2800b8ac",
    "data": [
      {
        "text": "How long is the incubation?",
        "userDefined": false
      }
    ],
    "isTemplate": false,
    "count": 0,
    "updated": 0
  },
  {
    "id": "f8f9466d-bebb-4711-8eb6-f2e8648d8be4",
    "data": [
      {
        "text": "incubation period for coronavirus",
        "userDefined": false
      }
    ],
    "isTemplate": false,
    "count": 0,
    "updated": 0
  },
  {
    "id": "fc52d3b0-307c-49f0-bcc2-3b6c08e69eb1",
    "data": [
      {
        "text": "how long does it take before I show symptoms?",
        "userDefined": false
      }
    ],
    "isTemplate": false,
    "count": 0,
    "updated": 0
  },
  {
    "id": "84923cf0-354a-4e51-8a2e-2e66a372335f",
    "data": [
      {
        "text": "How long is the incubation period",
        "userDefined": false
      }
    ],
    "isTemplate": false,
    "count": 0,
    "updated": 0
  },
  {
    "id": "e139c76b-8bff-4794-bc01-7f2bc63a343b",
    "data": [
      {
        "text": "How long is the incubation",
        "userDefined": false
      }
    ],
    "isTemplate": false,
    "count": 0,
    "updated": 0
  },
  {
    "id": "7ff400ad-0737-4208-9707-3cfb09c8497c",
    "data": [
      {
        "text": "How long is the incubation period for COVID-19?",
        "userDefined": false
      }
    ],
    "isTemplate": false,
    "count": 0,
    "updated": 0
  }
]