[
  {
    "id": "37a52337-9761-485e-b4fc-eb8e963a99c2",
    "data": [
      {
        "text": "Can I go out yet",
        "userDefined": false
      }
    ],
    "isTemplate": false,
    "count": 0,
    "updated": 0
  },
  {
    "id": "4c7332f3-6422-4eab-ae1d-abf86a6bebd3",
    "data": [
      {
        "text": "can i go out",
        "userDefined": false
      }
    ],
    "isTemplate": false,
    "count": 0,
    "updated": 0
  },
  {
    "id": "82a24c98-c69b-4204-9829-4ec8b1ddc426",
    "data": [
      {
        "text": "What does shelter in place mean?",
        "userDefined": false
      }
    ],
    "isTemplate": false,
    "count": 0,
    "updated": 0
  },
  {
    "id": "9fdfbd59-d96f-4ca8-ac28-f8c6ee2e4d23",
    "data": [
      {
        "text": "What is shelter in place?",
        "userDefined": false
      }
    ],
    "isTemplate": false,
    "count": 0,
    "updated": 0
  },
  {
    "id": "1dbbb8e4-79e5-4283-8f69-98ea0b69d663",
    "data": [
      {
        "text": "Can I still go to work?",
        "userDefined": false
      }
    ],
    "isTemplate": false,
    "count": 0,
    "updated": 0
  },
  {
    "id": "6c5af473-108f-4d1f-8b7a-1898f49d2e43",
    "data": [
      {
        "text": "Can I still take a walk in ",
        "userDefined": false
      },
      {
        "text": "San Francisco",
        "alias": "geo-city",
        "meta": "@sys.geo-city",
        "userDefined": false
      },
      {
        "text": "?",
        "userDefined": false
      }
    ],
    "isTemplate": false,
    "count": 0,
    "updated": 0
  },
  {
    "id": "0528e113-ea1e-4fa0-ac82-02376d636e79",
    "data": [
      {
        "text": "Can I still take a walk in the neighborhood?",
        "userDefined": false
      }
    ],
    "isTemplate": false,
    "count": 0,
    "updated": 0
  },
  {
    "id": "7d0f3742-bf23-4896-a328-70103a1126be",
    "data": [
      {
        "text": "still jog",
        "userDefined": false
      }
    ],
    "isTemplate": false,
    "count": 0,
    "updated": 0
  },
  {
    "id": "6168f625-43aa-4d0b-a677-e699738c65da",
    "data": [
      {
        "text": "Can I still go take a hike?",
        "userDefined": false
      }
    ],
    "isTemplate": false,
    "count": 0,
    "updated": 0
  },
  {
    "id": "491b8bfe-729a-4bad-9ed6-dafcfbe6e336",
    "data": [
      {
        "text": "shelter in place",
        "userDefined": false
      }
    ],
    "isTemplate": false,
    "count": 0,
    "updated": 0
  },
  {
    "id": "25b645e8-392c-479f-9406-b8985ee1a288",
    "data": [
      {
        "text": "can I still go for hikes",
        "userDefined": false
      }
    ],
    "isTemplate": false,
    "count": 0,
    "updated": 0
  },
  {
    "id": "386cb782-c87d-479e-bea3-3df920cf5b4c",
    "data": [
      {
        "text": "can I still go to restaurants",
        "userDefined": false
      }
    ],
    "isTemplate": false,
    "count": 1,
    "updated": 0
  },
  {
    "id": "d47094b4-494a-4fc2-8f7d-bdbc4d11295f",
    "data": [
      {
        "text": "can I still go out",
        "userDefined": false
      }
    ],
    "isTemplate": false,
    "count": 1,
    "updated": 0
  },
  {
    "id": "4f097b90-8c08-42cc-b5ae-cd3b5caacd52",
    "data": [
      {
        "text": "can I still go outside",
        "userDefined": false
      }
    ],
    "isTemplate": false,
    "count": 1,
    "updated": 0
  },
  {
    "id": "d47fe0af-531b-4cb9-8a79-258d3b007666",
    "data": [
      {
        "text": "Can I take a hike in the woods?",
        "userDefined": false
      }
    ],
    "isTemplate": false,
    "count": 0,
    "updated": 0
  },
  {
    "id": "15ef4676-2427-43a6-a3ec-0269a0a293e6",
    "data": [
      {
        "text": "can I still do outside walks?",
        "userDefined": false
      }
    ],
    "isTemplate": false,
    "count": 0,
    "updated": 0
  },
  {
    "id": "908337b0-52e3-4922-b665-9d782fec7c83",
    "data": [
      {
        "text": "Am I allowed to go outside?",
        "userDefined": false
      }
    ],
    "isTemplate": false,
    "count": 0,
    "updated": 0
  },
  {
    "id": "57709bda-e5f9-4a50-a017-4c93dcae1524",
    "data": [
      {
        "text": "can I go to the gym",
        "userDefined": false
      }
    ],
    "isTemplate": false,
    "count": 0,
    "updated": 0
  },
  {
    "id": "03cdeb4d-ab66-498e-8dd0-9d06c93e4f29",
    "data": [
      {
        "text": "should I workout",
        "userDefined": false
      }
    ],
    "isTemplate": false,
    "count": 0,
    "updated": 0
  },
  {
    "id": "53593f08-dfcd-414c-8d93-cfdb7e8f9e0f",
    "data": [
      {
        "text": "Should I order take out?",
        "userDefined": false
      }
    ],
    "isTemplate": false,
    "count": 0,
    "updated": 0
  },
  {
    "id": "11769eb8-d933-4d65-b1e6-6675fd3b1b95",
    "data": [
      {
        "text": "Should I order food for delivery?",
        "userDefined": false
      }
    ],
    "isTemplate": false,
    "count": 0,
    "updated": 0
  },
  {
    "id": "51806b48-f15e-4676-8fe7-84007960e823",
    "data": [
      {
        "text": "What has been cancelled?",
        "userDefined": false
      }
    ],
    "isTemplate": false,
    "count": 0,
    "updated": 0
  },
  {
    "id": "0afe4164-1477-4f3b-a51d-a8dbb00b52e1",
    "data": [
      {
        "text": "should my ",
        "userDefined": false
      },
      {
        "text": "70 year old",
        "alias": "age",
        "meta": "@sys.age",
        "userDefined": false
      },
      {
        "text": " mother go out?",
        "userDefined": false
      }
    ],
    "isTemplate": false,
    "count": 0,
    "updated": 0
  },
  {
    "id": "e35e9e36-c1da-469e-aa24-6967d11889bb",
    "data": [
      {
        "text": "can I go grocery shopping",
        "userDefined": false
      }
    ],
    "isTemplate": false,
    "count": 0,
    "updated": 0
  },
  {
    "id": "d046f823-1652-4da3-ae14-ffc3b6744393",
    "data": [
      {
        "text": "can I still go out to do my grocery shopping",
        "userDefined": false
      }
    ],
    "isTemplate": false,
    "count": 0,
    "updated": 0
  },
  {
    "id": "07f0d783-9380-4050-9996-2306be64a78f",
    "data": [
      {
        "text": "Is it safe to go to the coffee shop?",
        "userDefined": false
      }
    ],
    "isTemplate": false,
    "count": 0,
    "updated": 0
  },
  {
    "id": "57ee2ce4-23e3-4d98-8779-403db102ec2a",
    "data": [
      {
        "text": "Are my kids safe to do the monkey bars at an outside playground?",
        "userDefined": false
      }
    ],
    "isTemplate": false,
    "count": 0,
    "updated": 0
  },
  {
    "id": "1401ec5b-90f6-4cc1-b242-4582538a885e",
    "data": [
      {
        "text": "Is takeout pizza safe?",
        "userDefined": false
      }
    ],
    "isTemplate": false,
    "count": 0,
    "updated": 0
  },
  {
    "id": "b2537657-07cc-419a-b68a-21c2c80ba428",
    "data": [
      {
        "text": "Can I take my boat out fishing?",
        "userDefined": false
      }
    ],
    "isTemplate": false,
    "count": 0,
    "updated": 0
  },
  {
    "id": "e1eed703-22d0-478a-81b5-0397cc49818b",
    "data": [
      {
        "text": "can I cut my lawn?",
        "userDefined": false
      }
    ],
    "isTemplate": false,
    "count": 0,
    "updated": 0
  },
  {
    "id": "09f1c24e-8cb2-4db1-ae17-439a250f5bb8",
    "data": [
      {
        "text": "can I take my dog for a walk?",
        "userDefined": false
      }
    ],
    "isTemplate": false,
    "count": 0,
    "updated": 0
  },
  {
    "id": "925c53be-1488-43a7-bd9a-c8c4fae371f6",
    "data": [
      {
        "text": "can I go to work if I feel sick",
        "userDefined": false
      }
    ],
    "isTemplate": false,
    "count": 0,
    "updated": 0
  },
  {
    "id": "48f5e230-7d7f-43fd-b84f-91351d4be1da",
    "data": [
      {
        "text": "is it safe to go to new york now",
        "userDefined": false
      }
    ],
    "isTemplate": false,
    "count": 0,
    "updated": 0
  },
  {
    "id": "28a3f200-e83c-494a-aec2-62eb24ba5ddd",
    "data": [
      {
        "text": "Can I visit with other people?",
        "userDefined": false
      }
    ],
    "isTemplate": false,
    "count": 1,
    "updated": 0
  },
  {
    "id": "a2e5f6fb-0dc0-40ce-9ac5-127b7e8befc4",
    "data": [
      {
        "text": "dangerous to go to a store?",
        "userDefined": false
      }
    ],
    "isTemplate": false,
    "count": 0,
    "updated": 0
  },
  {
    "id": "0e27bc91-75f1-4ce0-a1b0-94d43cdade17",
    "data": [
      {
        "text": "is it safe to be outdoor",
        "userDefined": false
      }
    ],
    "isTemplate": false,
    "count": 0,
    "updated": 0
  },
  {
    "id": "0d8d713a-f6f5-49a7-b714-40f1357dcbca",
    "data": [
      {
        "text": "can I go ride my ",
        "userDefined": false
      },
      {
        "text": "bike",
        "alias": "outdoor_activities",
        "meta": "@outdoor_activities",
        "userDefined": false
      }
    ],
    "isTemplate": false,
    "count": 0,
    "updated": 0
  },
  {
    "id": "712ed048-758f-4ee7-a5bc-1fa203caa1c1",
    "data": [
      {
        "text": "Can I ride my ",
        "userDefined": false
      },
      {
        "text": "bike",
        "alias": "outdoor_activities",
        "meta": "@outdoor_activities",
        "userDefined": false
      },
      {
        "text": " outside?",
        "userDefined": false
      }
    ],
    "isTemplate": false,
    "count": 0,
    "updated": 0
  },
  {
    "id": "2b77fbf9-6ec3-48e3-b5a6-2c184df4d8f9",
    "data": [
      {
        "text": "Shall I go to work?",
        "userDefined": false
      }
    ],
    "isTemplate": false,
    "count": 0,
    "updated": 0
  },
  {
    "id": "644a8aba-4067-48f7-a069-256354c13ef7",
    "data": [
      {
        "text": "Can I go to work if I feel sick?",
        "userDefined": false
      }
    ],
    "isTemplate": false,
    "count": 0,
    "updated": 0
  },
  {
    "id": "a4d86a78-f0dc-4ce5-96c4-ee2cf46be0d1",
    "data": [
      {
        "text": "Can I still go to ",
        "userDefined": false
      },
      {
        "text": "church",
        "alias": "outdoor_activities",
        "meta": "@outdoor_activities",
        "userDefined": true
      },
      {
        "text": "?",
        "userDefined": false
      }
    ],
    "isTemplate": false,
    "count": 0,
    "updated": 0
  },
  {
    "id": "c99716ce-0ea4-4fec-a2e3-5a3d1a081885",
    "data": [
      {
        "text": "When am I safe to go in public?",
        "userDefined": false
      }
    ],
    "isTemplate": false,
    "count": 1,
    "updated": 0
  },
  {
    "id": "6ecca624-4357-47cf-a258-06568dbff9fc",
    "data": [
      {
        "text": "Can I ride my ",
        "userDefined": false
      },
      {
        "text": "bike",
        "alias": "outdoor_activities",
        "meta": "@outdoor_activities",
        "userDefined": true
      },
      {
        "text": " in ",
        "userDefined": false
      },
      {
        "text": "san francisco",
        "alias": "geo-city",
        "meta": "@sys.geo-city",
        "userDefined": false
      },
      {
        "text": "?",
        "userDefined": false
      }
    ],
    "isTemplate": false,
    "count": 0,
    "updated": 0
  }
]