[
  {
    "id": "09a93db5-fa66-4f87-ba4d-134a3736fe5d",
    "data": [
      {
        "text": "Can ",
        "userDefined": false
      },
      {
        "text": "COVID",
        "alias": "covid-19",
        "meta": "@covid-19",
        "userDefined": false
      },
      {
        "text": " spread after a quarantine?",
        "userDefined": false
      }
    ],
    "isTemplate": false,
    "count": 0,
    "updated": 0
  },
  {
    "id": "6617553a-2621-40cc-842e-ea750e35efc2",
    "data": [
      {
        "text": "Can I get ",
        "userDefined": false
      },
      {
        "text": "coronavirus",
        "alias": "covid-19",
        "meta": "@covid-19",
        "userDefined": false
      },
      {
        "text": " from someone who was quarantined?",
        "userDefined": false
      }
    ],
    "isTemplate": false,
    "count": 0,
    "updated": 0
  },
  {
    "id": "c653a25d-9e87-404c-bb3a-c0b6a3f333ad",
    "data": [
      {
        "text": "Can someone who has been quarantined for ",
        "userDefined": false
      },
      {
        "text": "COVID-19",
        "alias": "covid-19",
        "meta": "@covid-19",
        "userDefined": false
      },
      {
        "text": " spread the illness to others?",
        "userDefined": false
      }
    ],
    "isTemplate": false,
    "count": 0,
    "updated": 0
  }
]