[
  {
    "id": "9bd94a74-24f0-4524-8343-8f1182a53ba2",
    "data": [
      {
        "text": "What are the latest news on covid in SF?",
        "userDefined": false
      }
    ],
    "isTemplate": false,
    "count": 0,
    "updated": 0
  },
  {
    "id": "2fe7f00b-c889-4957-9bfb-3440733b32e8",
    "data": [
      {
        "text": "Can you give me the latest update?",
        "userDefined": false
      }
    ],
    "isTemplate": false,
    "count": 1,
    "updated": 0
  },
  {
    "id": "d35802d1-e204-49c1-85fe-78d03c97c600",
    "data": [
      {
        "text": "where can i learn more about covid-19?",
        "userDefined": false
      }
    ],
    "isTemplate": false,
    "count": 0,
    "updated": 0
  },
  {
    "id": "aec5af6b-3d4f-4ace-a9c4-2c525ae3b57e",
    "data": [
      {
        "text": "more information on ",
        "userDefined": false
      },
      {
        "text": "coronavirus",
        "alias": "covid-19",
        "meta": "@covid-19",
        "userDefined": false
      }
    ],
    "isTemplate": false,
    "count": 0,
    "updated": 0
  },
  {
    "id": "f350641d-1205-46c0-b09c-2d55f23df752",
    "data": [
      {
        "text": "I want to learn more about covid-19",
        "userDefined": false
      }
    ],
    "isTemplate": false,
    "count": 0,
    "updated": 0
  },
  {
    "id": "07f9d83f-553c-4aa6-8a2b-7a5c16b0c2e6",
    "data": [
      {
        "text": "Yes me an latest update.",
        "userDefined": false
      }
    ],
    "isTemplate": false,
    "count": 0,
    "updated": 0
  },
  {
    "id": "d5bb1b48-ce75-4f12-aa9a-b914810862c6",
    "data": [
      {
        "text": "I want to see the latest news about the virus where can I find that",
        "userDefined": false
      }
    ],
    "isTemplate": false,
    "count": 1,
    "updated": 0
  },
  {
    "id": "12af51b3-06ee-43f0-a175-e1d73c7177c0",
    "data": [
      {
        "text": "I want to find the latest update about the virus",
        "userDefined": false
      }
    ],
    "isTemplate": false,
    "count": 1,
    "updated": 0
  },
  {
    "id": "d23e0bee-b32c-4479-a068-a0be34f65b6e",
    "data": [
      {
        "text": "can you give me ",
        "userDefined": false
      },
      {
        "text": "coronavirus",
        "alias": "covid-19",
        "meta": "@covid-19",
        "userDefined": false
      },
      {
        "text": " info",
        "userDefined": false
      }
    ],
    "isTemplate": false,
    "count": 0,
    "updated": 0
  },
  {
    "id": "4d932952-baae-41d9-b20a-0ef45da1d19b",
    "data": [
      {
        "text": "what is the latest ",
        "userDefined": false
      },
      {
        "text": "corona",
        "alias": "covid-19",
        "meta": "@covid-19",
        "userDefined": false
      },
      {
        "text": " update",
        "userDefined": false
      }
    ],
    "isTemplate": false,
    "count": 0,
    "updated": 0
  },
  {
    "id": "2b024f67-4866-40ac-acb2-7030ea4ea91a",
    "data": [
      {
        "text": "I need more news about the virus where can I find that",
        "userDefined": false
      }
    ],
    "isTemplate": false,
    "count": 0,
    "updated": 0
  },
  {
    "id": "53e5ca7d-d26b-4cef-a0db-33ef4e767f23",
    "data": [
      {
        "text": "Where can I find more information about the virus",
        "userDefined": false
      }
    ],
    "isTemplate": false,
    "count": 0,
    "updated": 0
  },
  {
    "id": "51ce6304-1395-4221-909c-a0e4f199fbe4",
    "data": [
      {
        "text": "Which site has updated information on the coronavirus",
        "userDefined": false
      }
    ],
    "isTemplate": false,
    "count": 0,
    "updated": 0
  },
  {
    "id": "38d6c313-d56c-49c8-a95a-2530ad9cb9cc",
    "data": [
      {
        "text": "get info on covid 19",
        "userDefined": false
      }
    ],
    "isTemplate": false,
    "count": 0,
    "updated": 0
  },
  {
    "id": "80985d24-7596-4a7c-9291-4358f5f86a5f",
    "data": [
      {
        "text": "what\u0027s the latest news",
        "userDefined": false
      }
    ],
    "isTemplate": false,
    "count": 0,
    "updated": 0
  },
  {
    "id": "5a603163-e529-48a7-ab27-d7c7bafddedf",
    "data": [
      {
        "text": "What about the latest updates? Can you give me the latest updates?",
        "userDefined": false
      }
    ],
    "isTemplate": false,
    "count": 0,
    "updated": 0
  },
  {
    "id": "4f6af7a9-ace3-4f7a-99c1-3ab1cc5ae830",
    "data": [
      {
        "text": "How can I get the latest updates?",
        "userDefined": false
      }
    ],
    "isTemplate": false,
    "count": 0,
    "updated": 0
  },
  {
    "id": "dd8244d5-b14f-4ee3-af77-0e97f2ca8d38",
    "data": [
      {
        "text": "What\u0027s new",
        "userDefined": false
      }
    ],
    "isTemplate": false,
    "count": 0,
    "updated": 0
  },
  {
    "id": "bec60200-ef0c-4141-96cc-58ae6d0d0d5d",
    "data": [
      {
        "text": "what is the latest news?",
        "userDefined": false
      }
    ],
    "isTemplate": false,
    "count": 1,
    "updated": 0
  },
  {
    "id": "4b919a76-4a1a-48be-95f8-1207b7050a27",
    "data": [
      {
        "text": "what is the update for ",
        "userDefined": false
      },
      {
        "text": "Alameda",
        "alias": "geo-city",
        "meta": "@sys.geo-city",
        "userDefined": true
      }
    ],
    "isTemplate": false,
    "count": 0,
    "updated": 0
  },
  {
    "id": "35d20168-dacf-40de-b669-9c89cdadc4aa",
    "data": [
      {
        "text": "what is the ",
        "userDefined": false
      },
      {
        "text": "coronavirus",
        "alias": "covid-19",
        "meta": "@covid-19",
        "userDefined": false
      },
      {
        "text": " update in ",
        "userDefined": false
      },
      {
        "text": "San Francisco",
        "alias": "geo-city",
        "meta": "@sys.geo-city",
        "userDefined": true
      },
      {
        "text": "?",
        "userDefined": false
      }
    ],
    "isTemplate": false,
    "count": 0,
    "updated": 0
  },
  {
    "id": "ac195e1b-da1d-445c-aa53-43f5d4b8e9b4",
    "data": [
      {
        "text": "what is the ",
        "userDefined": false
      },
      {
        "text": "coronavirus",
        "alias": "covid-19",
        "meta": "@covid-19",
        "userDefined": false
      },
      {
        "text": " update for east bay?",
        "userDefined": false
      }
    ],
    "isTemplate": false,
    "count": 0,
    "updated": 0
  },
  {
    "id": "09af0d59-7196-4b6c-82ad-73adb4576e1e",
    "data": [
      {
        "text": "latest news on the global pandemic",
        "userDefined": false
      }
    ],
    "isTemplate": false,
    "count": 0,
    "updated": 0
  },
  {
    "id": "e2233396-312f-44b7-aa96-e30731065310",
    "data": [
      {
        "text": "How is ",
        "userDefined": false
      },
      {
        "text": "China",
        "alias": "geo-country",
        "meta": "@sys.geo-country",
        "userDefined": true
      },
      {
        "text": " doing on ",
        "userDefined": false
      },
      {
        "text": "coronavirus",
        "alias": "covid-19",
        "meta": "@covid-19",
        "userDefined": false
      },
      {
        "text": " now?",
        "userDefined": false
      }
    ],
    "isTemplate": false,
    "count": 0,
    "updated": 0
  },
  {
    "id": "e70097fb-4e0d-4239-be39-eed3511e37a4",
    "data": [
      {
        "text": "what\u0027s the situation in the ",
        "userDefined": false
      },
      {
        "text": "US",
        "alias": "geo-country",
        "meta": "@sys.geo-country",
        "userDefined": true
      },
      {
        "text": " right now?",
        "userDefined": false
      }
    ],
    "isTemplate": false,
    "count": 0,
    "updated": 0
  },
  {
    "id": "640420a2-d775-4f71-87bd-bb2b6440c1f4",
    "data": [
      {
        "text": "what\u0027s the latest news on ",
        "userDefined": false
      },
      {
        "text": "coronavirus",
        "alias": "covid-19",
        "meta": "@covid-19",
        "userDefined": false
      }
    ],
    "isTemplate": false,
    "count": 0,
    "updated": 0
  },
  {
    "id": "10035a1b-f7e9-4199-990d-9f9b793616b5",
    "data": [
      {
        "text": "tell me live udpates",
        "userDefined": false
      }
    ],
    "isTemplate": false,
    "count": 0,
    "updated": 0
  },
  {
    "id": "ca59cccc-73e0-4580-9ca1-edfac3358708",
    "data": [
      {
        "text": "latest information on ",
        "userDefined": false
      },
      {
        "text": "coronavirus",
        "alias": "covid-19",
        "meta": "@covid-19",
        "userDefined": false
      }
    ],
    "isTemplate": false,
    "count": 0,
    "updated": 0
  },
  {
    "id": "a89b81a9-7f5e-492d-850f-29eac59718c5",
    "data": [
      {
        "text": "I want to know the updates on covid 19",
        "userDefined": false
      }
    ],
    "isTemplate": false,
    "count": 0,
    "updated": 0
  },
  {
    "id": "3e70b7ab-2dfa-412c-9338-8f209c2eb0ec",
    "data": [
      {
        "text": "play me latest news on ",
        "userDefined": false
      },
      {
        "text": "coronavirus",
        "alias": "covid-19",
        "meta": "@covid-19",
        "userDefined": false
      }
    ],
    "isTemplate": false,
    "count": 0,
    "updated": 0
  },
  {
    "id": "4ed9cead-c80a-4e93-b367-8e192abaa6f2",
    "data": [
      {
        "text": "give me an update on ",
        "userDefined": false
      },
      {
        "text": "conronavirus",
        "alias": "covid-19",
        "meta": "@covid-19",
        "userDefined": false
      }
    ],
    "isTemplate": false,
    "count": 0,
    "updated": 0
  }
]