[
  {
    "id": "fd9de43b-d3e7-4e07-afba-337f60004e27",
    "data": [
      {
        "text": "Can I still travel to ",
        "userDefined": false
      },
      {
        "text": "Iran",
        "alias": "geo-country",
        "meta": "@sys.geo-country",
        "userDefined": false
      },
      {
        "text": "?",
        "userDefined": false
      }
    ],
    "isTemplate": false,
    "count": 0,
    "updated": 0
  },
  {
    "id": "7c373d8f-7c75-4334-b2f7-329ad30a0cdc",
    "data": [
      {
        "text": "Can I still travel to ",
        "userDefined": false
      },
      {
        "text": "South Korea",
        "alias": "geo-country",
        "meta": "@sys.geo-country",
        "userDefined": false
      },
      {
        "text": "?",
        "userDefined": false
      }
    ],
    "isTemplate": false,
    "count": 0,
    "updated": 0
  },
  {
    "id": "c5fcb248-b9a7-4198-b217-09ccb6caf1f4",
    "data": [
      {
        "text": "should I not travel during a disease outbreak",
        "userDefined": false
      }
    ],
    "isTemplate": false,
    "count": 1,
    "updated": 0
  },
  {
    "id": "454acf67-9bb5-488b-b5a0-0c23dcda43a5",
    "data": [
      {
        "text": "Can I travel during it up break?",
        "userDefined": false
      }
    ],
    "isTemplate": false,
    "count": 0,
    "updated": 0
  },
  {
    "id": "b6dab141-3ea4-465e-982c-500ab11b6842",
    "data": [
      {
        "text": "Which countries have travel bans for covid-19?",
        "userDefined": false
      }
    ],
    "isTemplate": false,
    "count": 0,
    "updated": 0
  },
  {
    "id": "762d2b38-61d2-4b50-b85f-dfbbc6eec178",
    "data": [
      {
        "text": "can I travel",
        "userDefined": false
      }
    ],
    "isTemplate": false,
    "count": 0,
    "updated": 0
  },
  {
    "id": "f18f9baa-bdda-4ad9-bc47-213bbbed1cb6",
    "data": [
      {
        "text": "when can i TRAVEL AGAIN",
        "userDefined": false
      }
    ],
    "isTemplate": false,
    "count": 0,
    "updated": 0
  },
  {
    "id": "d5c3f291-d6c5-44a5-b471-8d7d834bd3ee",
    "data": [
      {
        "text": "i need to go to ",
        "userDefined": false
      },
      {
        "text": "spain",
        "alias": "geo-country",
        "meta": "@sys.geo-country",
        "userDefined": false
      },
      {
        "text": " can I travel",
        "userDefined": false
      }
    ],
    "isTemplate": false,
    "count": 0,
    "updated": 0
  },
  {
    "id": "e3bcdfe8-9be1-4e89-b612-2039e79f84e6",
    "data": [
      {
        "text": "Where can I travel to?",
        "userDefined": false
      }
    ],
    "isTemplate": false,
    "count": 0,
    "updated": 0
  },
  {
    "id": "513cea46-8f18-4ed6-9c6b-8b42985a7b8a",
    "data": [
      {
        "text": "I have the fly",
        "userDefined": false
      }
    ],
    "isTemplate": false,
    "count": 0,
    "updated": 0
  },
  {
    "id": "e77eaba1-1d1b-4e74-aac3-559fe245b885",
    "data": [
      {
        "text": "can I go back to Kuala Lumpur now?",
        "userDefined": false
      }
    ],
    "isTemplate": false,
    "count": 0,
    "updated": 0
  },
  {
    "id": "5a07ea17-d0a2-41fc-94bd-361be6a0bce4",
    "data": [
      {
        "text": "can i visit Kuala Lumpur?",
        "userDefined": false
      }
    ],
    "isTemplate": false,
    "count": 0,
    "updated": 0
  },
  {
    "id": "a16c1796-334c-4ad1-990a-0b91da0010ce",
    "data": [
      {
        "text": "Is it safe to travel?",
        "userDefined": false
      }
    ],
    "isTemplate": false,
    "count": 0,
    "updated": 0
  },
  {
    "id": "8e7602a0-1d8d-49c0-bd9b-5649bb3b5437",
    "data": [
      {
        "text": "Can i travel",
        "userDefined": false
      }
    ],
    "isTemplate": false,
    "count": 0,
    "updated": 0
  },
  {
    "id": "ed45ffb1-405d-4a9b-9c24-cb367aeee40c",
    "data": [
      {
        "text": "what travel restrictions are in place?",
        "userDefined": false
      }
    ],
    "isTemplate": false,
    "count": 0,
    "updated": 0
  },
  {
    "id": "91c9f8fe-0eab-47bc-99cf-b8c6a5809451",
    "data": [
      {
        "text": "Is it ok to travel?",
        "userDefined": false
      }
    ],
    "isTemplate": false,
    "count": 0,
    "updated": 0
  },
  {
    "id": "caf37678-e9fb-468f-bb9a-0238ee44c9b2",
    "data": [
      {
        "text": "Can I travel within the ",
        "userDefined": false
      },
      {
        "text": "US",
        "alias": "geo-country",
        "meta": "@sys.geo-country",
        "userDefined": false
      },
      {
        "text": "?",
        "userDefined": false
      }
    ],
    "isTemplate": false,
    "count": 0,
    "updated": 0
  },
  {
    "id": "3b17ccc4-fe16-4d7f-8d58-c292d7fa6e60",
    "data": [
      {
        "text": "Okay, but what if I need to travel internationally, what do I do?",
        "userDefined": false
      }
    ],
    "isTemplate": false,
    "count": 0,
    "updated": 0
  },
  {
    "id": "f7d93926-eb86-4fa6-a904-5ec9948fe768",
    "data": [
      {
        "text": "Can I still fly home to Hawaii from San Francisco?",
        "userDefined": false
      }
    ],
    "isTemplate": false,
    "count": 1,
    "updated": 0
  },
  {
    "id": "bab2fb27-06b3-4703-82ba-8f80b6d36656",
    "data": [
      {
        "text": "Can I still fly home to Hawaii?",
        "userDefined": false
      }
    ],
    "isTemplate": false,
    "count": 1,
    "updated": 0
  },
  {
    "id": "b75a0bd9-d5da-4961-b702-4ad6809f0341",
    "data": [
      {
        "text": "It it still safe to fly to ",
        "userDefined": false
      },
      {
        "text": "UK",
        "alias": "geo-country",
        "meta": "@sys.geo-country",
        "userDefined": false
      },
      {
        "text": "?",
        "userDefined": false
      }
    ],
    "isTemplate": false,
    "count": 0,
    "updated": 0
  },
  {
    "id": "262d2e78-2a4f-4dea-8049-22a0fe7c7481",
    "data": [
      {
        "text": "Can I travel to ",
        "userDefined": false
      },
      {
        "text": "India",
        "alias": "geo-country",
        "meta": "@sys.geo-country",
        "userDefined": false
      },
      {
        "text": " right now?",
        "userDefined": false
      }
    ],
    "isTemplate": false,
    "count": 0,
    "updated": 0
  },
  {
    "id": "590cd4e1-c294-433f-aabe-32c2f1a3d39b",
    "data": [
      {
        "text": "how about traveling restrictions",
        "userDefined": false
      }
    ],
    "isTemplate": false,
    "count": 0,
    "updated": 0
  },
  {
    "id": "d5b74c7a-50d8-424c-ae92-6fa857744c73",
    "data": [
      {
        "text": "I have a trip planned",
        "userDefined": false
      }
    ],
    "isTemplate": false,
    "count": 0,
    "updated": 0
  },
  {
    "id": "2e360bb9-dc1e-4d67-9989-6798c75bb5fe",
    "data": [
      {
        "text": "what if I need to travel",
        "userDefined": false
      }
    ],
    "isTemplate": false,
    "count": 0,
    "updated": 0
  },
  {
    "id": "f86d479c-ab6a-4230-ad75-5d421e0223cb",
    "data": [
      {
        "text": "Is it safe to travel during ",
        "userDefined": false
      },
      {
        "text": "coronavirus",
        "alias": "covid-19",
        "meta": "@covid-19",
        "userDefined": false
      },
      {
        "text": " outbreak?",
        "userDefined": false
      }
    ],
    "isTemplate": false,
    "count": 0,
    "updated": 0
  },
  {
    "id": "66fb93e9-2936-43a6-beda-67330fdf5457",
    "data": [
      {
        "text": "Can I still travel?",
        "userDefined": false
      }
    ],
    "isTemplate": false,
    "count": 0,
    "updated": 0
  }
]