[
  {
    "id": "788c77f2-cb6d-4400-a71b-5f76421ebc03",
    "data": [
      {
        "text": "Is covid-19 spread by spit?",
        "userDefined": false
      }
    ],
    "isTemplate": false,
    "count": 0,
    "updated": 0
  },
  {
    "id": "04842c55-db89-4df4-a42c-2c1fec650931",
    "data": [
      {
        "text": "how do I get it",
        "userDefined": false
      }
    ],
    "isTemplate": false,
    "count": 1,
    "updated": 0
  },
  {
    "id": "a94230f4-29db-4863-a9b7-6c2107e329b9",
    "data": [
      {
        "text": "how contagious is the corona",
        "userDefined": false
      }
    ],
    "isTemplate": false,
    "count": 1,
    "updated": 0
  },
  {
    "id": "d6285544-76f7-4e6e-b755-97a83a9f37c2",
    "data": [
      {
        "text": "can I get it by kissing someone",
        "userDefined": false
      }
    ],
    "isTemplate": false,
    "count": 1,
    "updated": 0
  },
  {
    "id": "48414e6a-d431-485d-ab2b-e65cc6b771e3",
    "data": [
      {
        "text": "can I get it if I am in the same room",
        "userDefined": false
      }
    ],
    "isTemplate": false,
    "count": 1,
    "updated": 0
  },
  {
    "id": "49f714f0-6266-4949-a829-c40f31f20401",
    "data": [
      {
        "text": "Can I pass it on to my child if I have it",
        "userDefined": false
      }
    ],
    "isTemplate": false,
    "count": 1,
    "updated": 0
  },
  {
    "id": "d3476166-d1a8-4dc2-a935-c678a484982e",
    "data": [
      {
        "text": "how contagious is it?",
        "userDefined": false
      }
    ],
    "isTemplate": false,
    "count": 0,
    "updated": 0
  },
  {
    "id": "06b99be9-6f6d-4d8b-a1ce-4832c730db60",
    "data": [
      {
        "text": "does it spread easily?",
        "userDefined": false
      }
    ],
    "isTemplate": false,
    "count": 0,
    "updated": 0
  },
  {
    "id": "b5a0f20f-0109-41c2-808f-dec6a2e1f0e9",
    "data": [
      {
        "text": "does one simply walk into the ",
        "userDefined": false
      },
      {
        "text": "coronavirus",
        "alias": "covid-19",
        "meta": "@covid-19",
        "userDefined": false
      },
      {
        "text": "?",
        "userDefined": false
      }
    ],
    "isTemplate": false,
    "count": 0,
    "updated": 0
  },
  {
    "id": "b73f97d5-8784-4e89-a43e-2f36194e842c",
    "data": [
      {
        "text": "how contagious is it",
        "userDefined": false
      }
    ],
    "isTemplate": false,
    "count": 0,
    "updated": 0
  },
  {
    "id": "655de3d0-1c7a-415c-853e-1767af81dd48",
    "data": [
      {
        "text": "Can I get the virus bringing in my trash barrel?",
        "userDefined": false
      }
    ],
    "isTemplate": false,
    "count": 0,
    "updated": 0
  },
  {
    "id": "2401889f-0c36-49b2-abfa-328f60c95d52",
    "data": [
      {
        "text": "how do you get COVID-19?",
        "userDefined": false
      }
    ],
    "isTemplate": false,
    "count": 0,
    "updated": 0
  },
  {
    "id": "26e0d3f5-6619-441a-92d1-bd399ce7a967",
    "data": [
      {
        "text": "can it spread via surfaces",
        "userDefined": false
      }
    ],
    "isTemplate": false,
    "count": 0,
    "updated": 0
  },
  {
    "id": "a68bcc31-08e1-4622-a257-4d20b063601d",
    "data": [
      {
        "text": "can it get spread via food",
        "userDefined": false
      }
    ],
    "isTemplate": false,
    "count": 0,
    "updated": 0
  },
  {
    "id": "c4039565-be5c-40ec-8a16-7a551a6ffd98",
    "data": [
      {
        "text": "can the virus be spread via toilets",
        "userDefined": false
      }
    ],
    "isTemplate": false,
    "count": 0,
    "updated": 0
  },
  {
    "id": "0c046eda-f98e-41ac-8dfa-1033c4f7b275",
    "data": [
      {
        "text": "How do I get COVID-19?",
        "userDefined": false
      }
    ],
    "isTemplate": false,
    "count": 0,
    "updated": 0
  },
  {
    "id": "97db43aa-0995-4818-8458-55095f478fce",
    "data": [
      {
        "text": "How do I get covid?",
        "userDefined": false
      }
    ],
    "isTemplate": false,
    "count": 0,
    "updated": 0
  },
  {
    "id": "4d14e9d4-1a52-4bbf-a734-4560e5426c58",
    "data": [
      {
        "text": "how do I get ",
        "userDefined": false
      },
      {
        "text": "corona",
        "alias": "covid-19",
        "meta": "@covid-19",
        "userDefined": false
      }
    ],
    "isTemplate": false,
    "count": 0,
    "updated": 0
  },
  {
    "id": "b578b208-5cf0-4854-9071-fd80619912b2",
    "data": [
      {
        "text": "Is it contagious?",
        "userDefined": false
      }
    ],
    "isTemplate": false,
    "count": 0,
    "updated": 0
  },
  {
    "id": "7b126a46-7e7d-4762-bace-fd90f5bf8e18",
    "data": [
      {
        "text": "Is COVID-",
        "userDefined": false
      },
      {
        "text": "19",
        "alias": "number",
        "meta": "@sys.number",
        "userDefined": false
      },
      {
        "text": " contagious?",
        "userDefined": false
      }
    ],
    "isTemplate": false,
    "count": 0,
    "updated": 0
  },
  {
    "id": "da1dda5b-6e73-4ebb-adad-a0839df63f02",
    "data": [
      {
        "text": "how do i catch",
        "userDefined": false
      }
    ],
    "isTemplate": false,
    "count": 0,
    "updated": 0
  },
  {
    "id": "7754cb4e-08b2-44cd-b535-2e2cfa064363",
    "data": [
      {
        "text": "how do i catch covid-19",
        "userDefined": false
      }
    ],
    "isTemplate": false,
    "count": 0,
    "updated": 0
  },
  {
    "id": "dd76f5e4-7bb5-4337-9127-3ec5661d4cb2",
    "data": [
      {
        "text": "What are all the different ways that the virus can be spread to other people?",
        "userDefined": false
      }
    ],
    "isTemplate": false,
    "count": 0,
    "updated": 0
  },
  {
    "id": "1177a60d-14b0-4466-a988-4c114070c527",
    "data": [
      {
        "text": "How does the virus spread?",
        "userDefined": false
      }
    ],
    "isTemplate": false,
    "count": 0,
    "updated": 0
  },
  {
    "id": "c1817070-66ad-4faf-b48a-d9b4ddede62b",
    "data": [
      {
        "text": "How is COVID-19 transmitted?",
        "userDefined": false
      }
    ],
    "isTemplate": false,
    "count": 0,
    "updated": 0
  },
  {
    "id": "05b2f80d-e130-4305-ba14-52575bc74721",
    "data": [
      {
        "text": "how is it transmitted?",
        "userDefined": false
      }
    ],
    "isTemplate": false,
    "count": 0,
    "updated": 0
  },
  {
    "id": "471a2c49-13dc-4d53-a102-db21081e01f5",
    "data": [
      {
        "text": "how is the virus transferred?",
        "userDefined": false
      }
    ],
    "isTemplate": false,
    "count": 0,
    "updated": 0
  },
  {
    "id": "92e0bb88-1267-4ef6-8851-4a06318212d9",
    "data": [
      {
        "text": "how do you get the virus?",
        "userDefined": false
      }
    ],
    "isTemplate": false,
    "count": 0,
    "updated": 0
  },
  {
    "id": "2384eecb-6298-4d80-b87f-651639b85d33",
    "data": [
      {
        "text": "How do I catch covid-19?",
        "userDefined": false
      }
    ],
    "isTemplate": false,
    "count": 0,
    "updated": 0
  },
  {
    "id": "23e44fcb-2119-4912-9939-3bd7116db77a",
    "data": [
      {
        "text": "how does the virus spread?",
        "userDefined": false
      }
    ],
    "isTemplate": false,
    "count": 1,
    "updated": 0
  },
  {
    "id": "da67baf5-9ac8-4474-afa0-4d7a821266d7",
    "data": [
      {
        "text": "is it transmittable before symptoms?",
        "userDefined": false
      }
    ],
    "isTemplate": false,
    "count": 0,
    "updated": 0
  },
  {
    "id": "89593cc9-bb56-4e85-998b-330651daaa79",
    "data": [
      {
        "text": "can someone infect before showing symptoms?",
        "userDefined": false
      }
    ],
    "isTemplate": false,
    "count": 0,
    "updated": 0
  },
  {
    "id": "08b2ce6a-bffc-473a-ab31-28a78da3fe9c",
    "data": [
      {
        "text": "is it contagious before showing symptoms?",
        "userDefined": false
      }
    ],
    "isTemplate": false,
    "count": 0,
    "updated": 0
  },
  {
    "id": "38698c11-1b03-4a7f-b6fb-834ff71647c0",
    "data": [
      {
        "text": "can the virus be spread through food?",
        "userDefined": false
      }
    ],
    "isTemplate": false,
    "count": 0,
    "updated": 0
  },
  {
    "id": "41ebbea3-b04e-46e1-976c-2244da5d89ab",
    "data": [
      {
        "text": "How do people get the virus?",
        "userDefined": false
      }
    ],
    "isTemplate": false,
    "count": 1,
    "updated": 0
  },
  {
    "id": "d27a52ae-0d48-4ead-962b-0cb28caae0e9",
    "data": [
      {
        "text": "How can I catch this?",
        "userDefined": false
      }
    ],
    "isTemplate": false,
    "count": 0,
    "updated": 0
  },
  {
    "id": "630c5103-9dc5-4460-839b-f06ccda11c46",
    "data": [
      {
        "text": "how do people get the virus?",
        "userDefined": false
      }
    ],
    "isTemplate": false,
    "count": 1,
    "updated": 0
  },
  {
    "id": "66454303-90ce-4e4b-ace6-7bc8f419dcef",
    "data": [
      {
        "text": "how does it spread",
        "userDefined": false
      }
    ],
    "isTemplate": false,
    "count": 0,
    "updated": 0
  },
  {
    "id": "8d2b2b1d-1bce-4d12-939d-e6f0d194883c",
    "data": [
      {
        "text": "how can i contract it?",
        "userDefined": false
      }
    ],
    "isTemplate": false,
    "count": 0,
    "updated": 0
  },
  {
    "id": "bc86b790-3756-471a-a878-306402d88fb6",
    "data": [
      {
        "text": "How is the virus transmitted?",
        "userDefined": false
      }
    ],
    "isTemplate": false,
    "count": 1,
    "updated": 0
  },
  {
    "id": "c3323b54-d7fc-4cd1-bc74-f9ac0e8ef1fa",
    "data": [
      {
        "text": "how does the virus transmit?",
        "userDefined": false
      }
    ],
    "isTemplate": false,
    "count": 0,
    "updated": 0
  },
  {
    "id": "1ff64449-24aa-4875-afaf-b9447422c8a9",
    "data": [
      {
        "text": "what do we know about the virus spread?",
        "userDefined": false
      }
    ],
    "isTemplate": false,
    "count": 0,
    "updated": 0
  },
  {
    "id": "f7de672c-3793-4968-8065-e260a0150a03",
    "data": [
      {
        "text": "the spread of ",
        "userDefined": false
      },
      {
        "text": "coronavirus",
        "alias": "covid-19",
        "meta": "@covid-19",
        "userDefined": false
      }
    ],
    "isTemplate": false,
    "count": 0,
    "updated": 0
  },
  {
    "id": "5fb03990-04ea-426a-910e-eb480a4e9733",
    "data": [
      {
        "text": "viral spread",
        "userDefined": false
      }
    ],
    "isTemplate": false,
    "count": 0,
    "updated": 0
  },
  {
    "id": "b96a5217-e692-479e-a983-23e7e20ff4b9",
    "data": [
      {
        "text": "why is covid-19 considered a community spread?",
        "userDefined": false
      }
    ],
    "isTemplate": false,
    "count": 0,
    "updated": 0
  },
  {
    "id": "a1744821-0b84-4532-ab01-94a880fa5bdb",
    "data": [
      {
        "text": "what does community spread mean?",
        "userDefined": false
      }
    ],
    "isTemplate": false,
    "count": 0,
    "updated": 0
  },
  {
    "id": "969ea76f-9d82-431c-a08a-5b6b8a2c2eef",
    "data": [
      {
        "text": "covid-19 spread",
        "userDefined": false
      }
    ],
    "isTemplate": false,
    "count": 0,
    "updated": 0
  },
  {
    "id": "87f2ee62-1790-43ba-a619-916b921834ec",
    "data": [
      {
        "text": "How the new ",
        "userDefined": false
      },
      {
        "text": "coronavirus",
        "alias": "covid-19",
        "meta": "@covid-19",
        "userDefined": false
      },
      {
        "text": " spread?",
        "userDefined": false
      }
    ],
    "isTemplate": false,
    "count": 0,
    "updated": 0
  },
  {
    "id": "0281d268-9772-4da3-abd1-66b4f0044bfd",
    "data": [
      {
        "text": "What is community spread?",
        "userDefined": false
      }
    ],
    "isTemplate": false,
    "count": 0,
    "updated": 0
  },
  {
    "id": "6b35f23f-1daf-4057-932a-f9ac7e46afc2",
    "data": [
      {
        "text": "How is ",
        "userDefined": false
      },
      {
        "text": "coronavirus",
        "alias": "covid-19",
        "meta": "@covid-19",
        "userDefined": false
      },
      {
        "text": " spread?",
        "userDefined": false
      }
    ],
    "isTemplate": false,
    "count": 0,
    "updated": 0
  }
]