[
  {
    "id": "6d2d8139-3a12-4f06-b145-97c175c24865",
    "data": [
      {
        "text": "What if ",
        "userDefined": false
      },
      {
        "text": "COVID",
        "alias": "covid-19",
        "meta": "@covid-19",
        "userDefined": false
      },
      {
        "text": " gets on my ",
        "userDefined": false
      },
      {
        "text": "food",
        "alias": "surface",
        "meta": "@surface",
        "userDefined": false
      },
      {
        "text": "?",
        "userDefined": false
      }
    ],
    "isTemplate": false,
    "count": 0,
    "updated": 0
  },
  {
    "id": "6fde0fc4-d2b8-43ba-920f-ae66909cc19c",
    "data": [
      {
        "text": "Can I get ",
        "userDefined": false
      },
      {
        "text": "coronavirus",
        "alias": "covid-19",
        "meta": "@covid-19",
        "userDefined": false
      },
      {
        "text": " if it\u0027s in my ",
        "userDefined": false
      },
      {
        "text": "food",
        "alias": "surface",
        "meta": "@surface",
        "userDefined": false
      },
      {
        "text": "?",
        "userDefined": false
      }
    ],
    "isTemplate": false,
    "count": 0,
    "updated": 0
  },
  {
    "id": "f960f37c-da35-4294-a7ec-fa6121a2c593",
    "data": [
      {
        "text": "Can I get sick with ",
        "userDefined": false
      },
      {
        "text": "COVID-19",
        "alias": "covid-19",
        "meta": "@covid-19",
        "userDefined": false
      },
      {
        "text": " if it is on ",
        "userDefined": false
      },
      {
        "text": "food",
        "alias": "surface",
        "meta": "@surface",
        "userDefined": false
      },
      {
        "text": "?",
        "userDefined": false
      }
    ],
    "isTemplate": false,
    "count": 0,
    "updated": 0
  }
]