[
  {
    "id": "4f0f0b3e-f644-4287-8540-c94d9409d3d5",
    "data": [
      {
        "text": "Do kids get different symptoms from ",
        "userDefined": false
      },
      {
        "text": "coronavirus",
        "alias": "covid-19",
        "meta": "@covid-19",
        "userDefined": false
      },
      {
        "text": "?",
        "userDefined": false
      }
    ],
    "isTemplate": false,
    "count": 0,
    "updated": 0
  },
  {
    "id": "57734770-b85d-45c9-b601-a6475bc464bd",
    "data": [
      {
        "text": "Are the symptoms of ",
        "userDefined": false
      },
      {
        "text": "COVID-19",
        "alias": "covid-19",
        "meta": "@covid-19",
        "userDefined": false
      },
      {
        "text": " different in children than in adults?",
        "userDefined": false
      }
    ],
    "isTemplate": false,
    "count": 0,
    "updated": 0
  }
]