[
  {
    "id": "78b70f34-41c7-4125-93f4-385a37a8c02f",
    "data": [
      {
        "text": "Is the widest airborne?",
        "userDefined": false
      }
    ],
    "isTemplate": false,
    "count": 0,
    "updated": 0
  },
  {
    "id": "9096657b-3c25-4cf5-9f46-a7b244c88854",
    "data": [
      {
        "text": "Is the virus airborne?",
        "userDefined": false
      }
    ],
    "isTemplate": false,
    "count": 1,
    "updated": 0
  },
  {
    "id": "c589c544-103b-4dbc-a698-c00fdd9ccd8f",
    "data": [
      {
        "text": "Can the virus be transmitted through air?",
        "userDefined": false
      }
    ],
    "isTemplate": false,
    "count": 0,
    "updated": 0
  },
  {
    "id": "e137cb65-1032-4c99-ba00-8d3ac026df8b",
    "data": [
      {
        "text": "Is the virus in the air?",
        "userDefined": false
      }
    ],
    "isTemplate": false,
    "count": 0,
    "updated": 0
  },
  {
    "id": "ccf3ea05-babe-4436-972b-b9980f085334",
    "data": [
      {
        "text": "How long can coronavirus stay \"alive\" in the air?",
        "userDefined": false
      }
    ],
    "isTemplate": false,
    "count": 0,
    "updated": 0
  },
  {
    "id": "ae3bb017-dba0-4db4-b3fe-0f9128e891c3",
    "data": [
      {
        "text": "can it spread through air?",
        "userDefined": false
      }
    ],
    "isTemplate": false,
    "count": 0,
    "updated": 0
  },
  {
    "id": "b87831a8-689a-413e-9dfd-66eec8c94adf",
    "data": [
      {
        "text": "is the virus airborne?",
        "userDefined": false
      }
    ],
    "isTemplate": false,
    "count": 0,
    "updated": 0
  },
  {
    "id": "20324a36-2ec1-4e0b-856f-dc0428e23a66",
    "data": [
      {
        "text": "can you catch the virus from airborne?",
        "userDefined": false
      }
    ],
    "isTemplate": false,
    "count": 0,
    "updated": 0
  },
  {
    "id": "224f787f-303c-4116-abfb-44a35640ef0f",
    "data": [
      {
        "text": "can coronavirus stay alive in the air?",
        "userDefined": false
      }
    ],
    "isTemplate": false,
    "count": 0,
    "updated": 0
  },
  {
    "id": "68bb7ebe-45f6-4454-a09e-0290d2325a76",
    "data": [
      {
        "text": "how long can the virus live in the air?",
        "userDefined": false
      }
    ],
    "isTemplate": false,
    "count": 0,
    "updated": 0
  },
  {
    "id": "b934da8f-ee99-4ab3-b8b7-e4fc372ebed6",
    "data": [
      {
        "text": "Is it true that coronavirus can live in air for ",
        "userDefined": false
      },
      {
        "text": "3 hours",
        "meta": "@sys.ignore",
        "userDefined": false
      },
      {
        "text": "?",
        "userDefined": false
      }
    ],
    "isTemplate": false,
    "count": 0,
    "updated": 0
  },
  {
    "id": "0fc98518-667f-4518-bd11-797bef03d773",
    "data": [
      {
        "text": "does the new virus persist in air for hours?",
        "userDefined": false
      }
    ],
    "isTemplate": false,
    "count": 0,
    "updated": 0
  },
  {
    "id": "9e66915c-b605-4860-b9b0-823748ceafcb",
    "data": [
      {
        "text": "can the virus survive in air?",
        "userDefined": false
      }
    ],
    "isTemplate": false,
    "count": 0,
    "updated": 0
  },
  {
    "id": "c711b6b9-bc01-46e3-9462-58c36a9a6793",
    "data": [
      {
        "text": "will coronavirus live in the air?",
        "userDefined": false
      }
    ],
    "isTemplate": false,
    "count": 0,
    "updated": 0
  },
  {
    "id": "11f8eccd-9659-4a78-acde-0f3b69d1e14b",
    "data": [
      {
        "text": "Can i get infected through air transmission?",
        "userDefined": false
      }
    ],
    "isTemplate": false,
    "count": 0,
    "updated": 0
  },
  {
    "id": "c2de1b57-818a-4276-b6f0-c3c263644468",
    "data": [
      {
        "text": "does the virus spread through air?",
        "userDefined": false
      }
    ],
    "isTemplate": false,
    "count": 0,
    "updated": 0
  },
  {
    "id": "bf69b791-4c1f-4832-afc5-53bbc91ddcd5",
    "data": [
      {
        "text": "Can the virus that causes COVID-19 be transmitted through the air?",
        "userDefined": false
      }
    ],
    "isTemplate": false,
    "count": 0,
    "updated": 0
  }
]