[
  {
    "id": "e40e4d79-f2f8-4049-a693-eb4489d97645",
    "data": [
      {
        "text": "Should I take antibiotics?",
        "userDefined": false
      }
    ],
    "isTemplate": false,
    "count": 0,
    "updated": 0
  },
  {
    "id": "74035fe7-9559-4c70-8869-932c936e0834",
    "data": [
      {
        "text": "Will antibiotics help with covid-19?",
        "userDefined": false
      }
    ],
    "isTemplate": false,
    "count": 0,
    "updated": 0
  },
  {
    "id": "34ca579c-19e8-4b3f-a2cc-8780a9f24651",
    "data": [
      {
        "text": "How do you treat covid-19?",
        "userDefined": false
      }
    ],
    "isTemplate": false,
    "count": 0,
    "updated": 0
  },
  {
    "id": "dc3c495f-625f-48ab-9701-94d83e1ed347",
    "data": [
      {
        "text": "Is there a treatment yet?",
        "userDefined": false
      }
    ],
    "isTemplate": false,
    "count": 0,
    "updated": 0
  },
  {
    "id": "55feeb82-60bd-41ad-9b4d-f802eab76ef5",
    "data": [
      {
        "text": "What is the treatment for covid-19?",
        "userDefined": false
      }
    ],
    "isTemplate": false,
    "count": 0,
    "updated": 0
  },
  {
    "id": "747a90d3-0c55-45d6-b8cc-dddfe00c0d13",
    "data": [
      {
        "text": "Are there any treatments available?",
        "userDefined": false
      }
    ],
    "isTemplate": false,
    "count": 0,
    "updated": 0
  },
  {
    "id": "2dbe0555-c37d-4ca9-b365-e38a65ec8e28",
    "data": [
      {
        "text": "treatments for ",
        "userDefined": false
      },
      {
        "text": "Corona",
        "alias": "covid-19",
        "meta": "@covid-19",
        "userDefined": false
      }
    ],
    "isTemplate": false,
    "count": 0,
    "updated": 0
  },
  {
    "id": "79347f16-0b0d-447c-8d93-5edf978dadd1",
    "data": [
      {
        "text": "what is the solution for covid?",
        "userDefined": false
      }
    ],
    "isTemplate": false,
    "count": 0,
    "updated": 0
  },
  {
    "id": "57c9c713-436e-4c66-96f6-1a34063e8b2b",
    "data": [
      {
        "text": "how can we remove covid?",
        "userDefined": false
      }
    ],
    "isTemplate": false,
    "count": 0,
    "updated": 0
  },
  {
    "id": "ec4f97f3-ceb3-4ced-a47d-ec4acc143633",
    "data": [
      {
        "text": "what is the solution to coronavirus?",
        "userDefined": false
      }
    ],
    "isTemplate": false,
    "count": 0,
    "updated": 0
  },
  {
    "id": "8d3f439b-a223-48cd-930e-88ea5d20e5de",
    "data": [
      {
        "text": "Is there a cure for ",
        "userDefined": false
      },
      {
        "text": "coronavirus",
        "alias": "covid-19",
        "meta": "@covid-19",
        "userDefined": false
      },
      {
        "text": "?",
        "userDefined": false
      }
    ],
    "isTemplate": false,
    "count": 0,
    "updated": 0
  },
  {
    "id": "23a020a0-6768-435c-8dbc-66ea12c80892",
    "data": [
      {
        "text": "is there any cure yet for the virus",
        "userDefined": false
      }
    ],
    "isTemplate": false,
    "count": 0,
    "updated": 0
  },
  {
    "id": "a9ab6095-24ce-41b9-94a4-8dc4ee673c35",
    "data": [
      {
        "text": "can you be treated for corona",
        "userDefined": false
      }
    ],
    "isTemplate": false,
    "count": 0,
    "updated": 0
  },
  {
    "id": "b89647a3-0372-44cf-8edb-41c4f16b234e",
    "data": [
      {
        "text": "what medication should i take",
        "userDefined": false
      }
    ],
    "isTemplate": false,
    "count": 0,
    "updated": 0
  },
  {
    "id": "98349e2e-dee9-456e-b387-7741d2f7723d",
    "data": [
      {
        "text": "Can I take medicine?",
        "userDefined": false
      }
    ],
    "isTemplate": false,
    "count": 0,
    "updated": 0
  },
  {
    "id": "1eed56e9-a1a6-4bd7-99a4-c1031542eaca",
    "data": [
      {
        "text": "what medicines help",
        "userDefined": false
      }
    ],
    "isTemplate": false,
    "count": 0,
    "updated": 0
  },
  {
    "id": "4aad4367-09f4-49b6-aac6-2243d417ea6a",
    "data": [
      {
        "text": "what remedies are available?",
        "userDefined": false
      }
    ],
    "isTemplate": false,
    "count": 0,
    "updated": 0
  },
  {
    "id": "6c6ab7e0-5d42-4fe4-b19d-64cc0eef4446",
    "data": [
      {
        "text": "is there a cure?",
        "userDefined": false
      }
    ],
    "isTemplate": false,
    "count": 0,
    "updated": 0
  },
  {
    "id": "09532e56-97f8-4198-af0c-d4b194560b9f",
    "data": [
      {
        "text": "where can i get treated for covid 19",
        "userDefined": false
      }
    ],
    "isTemplate": false,
    "count": 0,
    "updated": 0
  },
  {
    "id": "83bb9f60-38fa-4852-8a5e-3d0da60f4627",
    "data": [
      {
        "text": "what if I get sick with ",
        "userDefined": false
      },
      {
        "text": "coronovirus",
        "alias": "covid-19",
        "meta": "@covid-19",
        "userDefined": false
      }
    ],
    "isTemplate": false,
    "count": 0,
    "updated": 0
  },
  {
    "id": "ac041ed1-87fa-4ef3-8aa9-c88a070130ed",
    "data": [
      {
        "text": "what do I do if I have ",
        "userDefined": false
      },
      {
        "text": "corono virus",
        "alias": "covid-19",
        "meta": "@covid-19",
        "userDefined": false
      }
    ],
    "isTemplate": false,
    "count": 0,
    "updated": 0
  },
  {
    "id": "2afb90ce-acd2-407d-9156-1db66a0088a0",
    "data": [
      {
        "text": "what do I do if I have ",
        "userDefined": false
      },
      {
        "text": "corona virus",
        "alias": "covid-19",
        "meta": "@covid-19",
        "userDefined": false
      }
    ],
    "isTemplate": false,
    "count": 0,
    "updated": 0
  },
  {
    "id": "d59e4e07-3b8c-4370-b504-53f0ad833e79",
    "data": [
      {
        "text": "what do I do if I have ",
        "userDefined": false
      },
      {
        "text": "coronovirus",
        "alias": "covid-19",
        "meta": "@covid-19",
        "userDefined": false
      }
    ],
    "isTemplate": false,
    "count": 0,
    "updated": 0
  },
  {
    "id": "1094ad00-35da-4991-b520-d10dce772540",
    "data": [
      {
        "text": "Is there a treatment?",
        "userDefined": false
      }
    ],
    "isTemplate": false,
    "count": 0,
    "updated": 0
  },
  {
    "id": "a3a081fe-5531-4ccd-a6f8-72803cbab67b",
    "data": [
      {
        "text": "Is there an antidote yet?",
        "userDefined": false
      }
    ],
    "isTemplate": false,
    "count": 1,
    "updated": 0
  },
  {
    "id": "a9510137-0959-461b-8418-007a6132d28b",
    "data": [
      {
        "text": "what treatments are available to treat ",
        "userDefined": false
      },
      {
        "text": "coronavirus",
        "alias": "covid-19",
        "meta": "@covid-19",
        "userDefined": false
      },
      {
        "text": "?",
        "userDefined": false
      }
    ],
    "isTemplate": false,
    "count": 0,
    "updated": 0
  },
  {
    "id": "7ec48794-9898-4e8b-bc86-aafeea7c6e29",
    "data": [
      {
        "text": "is there an antiviral treatment for COVID-19?",
        "userDefined": false
      }
    ],
    "isTemplate": false,
    "count": 0,
    "updated": 0
  },
  {
    "id": "2a8fc227-bd31-49c4-a866-88f17b65608d",
    "data": [
      {
        "text": "are there any medicines or therapies that can cure ",
        "userDefined": false
      },
      {
        "text": "coronavirus",
        "alias": "covid-19",
        "meta": "@covid-19",
        "userDefined": false
      },
      {
        "text": "?",
        "userDefined": false
      }
    ],
    "isTemplate": false,
    "count": 0,
    "updated": 0
  },
  {
    "id": "a4a52d97-387d-4634-af0f-c682be27ac85",
    "data": [
      {
        "text": "are antibiotics effective in preventing or treating the covid-19?",
        "userDefined": false
      }
    ],
    "isTemplate": false,
    "count": 0,
    "updated": 0
  },
  {
    "id": "f38ba61e-e4c8-4335-957f-d648f0b2b686",
    "data": [
      {
        "text": "existing drugs in ",
        "userDefined": false
      },
      {
        "text": "coronavirus",
        "alias": "covid-19",
        "meta": "@covid-19",
        "userDefined": false
      },
      {
        "text": " fight",
        "userDefined": false
      }
    ],
    "isTemplate": false,
    "count": 0,
    "updated": 0
  },
  {
    "id": "c9a36386-c9d5-497d-81fa-8f9feafc3a78",
    "data": [
      {
        "text": "medical solutions to the coronavirus",
        "userDefined": false
      }
    ],
    "isTemplate": false,
    "count": 0,
    "updated": 0
  },
  {
    "id": "316ec182-50c5-467d-b900-baf8bbd038d2",
    "data": [
      {
        "text": "does the US have effective treatment for ",
        "userDefined": false
      },
      {
        "text": "coronavirus",
        "alias": "covid-19",
        "meta": "@covid-19",
        "userDefined": false
      },
      {
        "text": "?",
        "userDefined": false
      }
    ],
    "isTemplate": false,
    "count": 0,
    "updated": 0
  },
  {
    "id": "e7b0b7c5-a3d9-432f-bbf8-be0c9ea39023",
    "data": [
      {
        "text": "drugs to treat infection",
        "userDefined": false
      }
    ],
    "isTemplate": false,
    "count": 0,
    "updated": 0
  },
  {
    "id": "7dd8fffc-4f40-40a9-9404-6939b53c0a23",
    "data": [
      {
        "text": "do we have drugs for treating this new disease?",
        "userDefined": false
      }
    ],
    "isTemplate": false,
    "count": 0,
    "updated": 0
  },
  {
    "id": "08138852-bf42-421b-bc7a-000e89693785",
    "data": [
      {
        "text": "what\u0027s the most effective medicine to treat ",
        "userDefined": false
      },
      {
        "text": "coronavirus",
        "alias": "covid-19",
        "meta": "@covid-19",
        "userDefined": false
      },
      {
        "text": "?",
        "userDefined": false
      }
    ],
    "isTemplate": false,
    "count": 0,
    "updated": 0
  },
  {
    "id": "4fcd9a0a-1419-46bb-a675-90edbe1ba0a0",
    "data": [
      {
        "text": "can we use antibiotics to treat ",
        "userDefined": false
      },
      {
        "text": "coronavirus",
        "alias": "covid-19",
        "meta": "@covid-19",
        "userDefined": false
      },
      {
        "text": "?",
        "userDefined": false
      }
    ],
    "isTemplate": false,
    "count": 0,
    "updated": 0
  },
  {
    "id": "b8213c29-65dc-4dc7-a108-4df34eb03b06",
    "data": [
      {
        "text": "can people be cured if they caught ",
        "userDefined": false
      },
      {
        "text": "coronavirus",
        "alias": "covid-19",
        "meta": "@covid-19",
        "userDefined": false
      },
      {
        "text": "?",
        "userDefined": false
      }
    ],
    "isTemplate": false,
    "count": 0,
    "updated": 0
  },
  {
    "id": "db4511ee-a86f-420b-b764-e029dcc21308",
    "data": [
      {
        "text": "Is there a medicine to treat this virus?",
        "userDefined": false
      }
    ],
    "isTemplate": false,
    "count": 0,
    "updated": 0
  },
  {
    "id": "91b947b6-867d-471c-a656-8bbba23496a1",
    "data": [
      {
        "text": "is there a cure for the new ",
        "userDefined": false
      },
      {
        "text": "coronavirus",
        "alias": "covid-19",
        "meta": "@covid-19",
        "userDefined": false
      },
      {
        "text": "?",
        "userDefined": false
      }
    ],
    "isTemplate": false,
    "count": 0,
    "updated": 0
  },
  {
    "id": "6b379523-a634-4d33-b229-04c6e23cc363",
    "data": [
      {
        "text": "can ",
        "userDefined": false
      },
      {
        "text": "coronavirus",
        "alias": "covid-19",
        "meta": "@covid-19",
        "userDefined": false
      },
      {
        "text": " be treated?",
        "userDefined": false
      }
    ],
    "isTemplate": false,
    "count": 0,
    "updated": 0
  },
  {
    "id": "d8d5c52a-234f-43a6-a2a0-8ca35f640299",
    "data": [
      {
        "text": "do we have treatment for covid-19?",
        "userDefined": false
      }
    ],
    "isTemplate": false,
    "count": 0,
    "updated": 0
  },
  {
    "id": "5e3b9696-eea1-4394-8d9a-a5fa0069e4a8",
    "data": [
      {
        "text": "Is there a treatment for ",
        "userDefined": false
      },
      {
        "text": "coronavirus",
        "alias": "covid-19",
        "meta": "@covid-19",
        "userDefined": false
      },
      {
        "text": "?",
        "userDefined": false
      }
    ],
    "isTemplate": false,
    "count": 0,
    "updated": 0
  }
]