[
  {
    "id": "13433f9d-5922-4179-82a1-5ab5ba3c230d",
    "data": [
      {
        "text": "Does CDC recommend the use of facemask or face coverings to prevent COVID-19?",
        "userDefined": false
      }
    ],
    "isTemplate": false,
    "count": 0,
    "updated": 0
  },
  {
    "id": "65d57af9-4fa0-4cba-a9b8-c8fb06f6b089",
    "data": [
      {
        "text": "Should I cover my face to prevent coronavirus?",
        "userDefined": false
      }
    ],
    "isTemplate": false,
    "count": 0,
    "updated": 0
  },
  {
    "id": "98268d0e-58eb-41c4-ba87-25f92f4fdc9d",
    "data": [
      {
        "text": "Should I use a face mask to prevent COVID?",
        "userDefined": false
      }
    ],
    "isTemplate": false,
    "count": 0,
    "updated": 0
  },
  {
    "id": "9b765eb0-5fe1-4bfa-b9df-f6857f58ec5c",
    "data": [
      {
        "text": "Do I need to wear mask?",
        "userDefined": false
      }
    ],
    "isTemplate": false,
    "count": 0,
    "updated": 0
  },
  {
    "id": "be1cb2b2-3cea-46f3-aa17-a9051c436069",
    "data": [
      {
        "text": "where to buy face masks ?",
        "userDefined": false
      }
    ],
    "isTemplate": false,
    "count": 0,
    "updated": 0
  },
  {
    "id": "8fb9d36f-321a-437f-87be-564e61513ce6",
    "data": [
      {
        "text": "Hi, we can I get surgical mask.",
        "userDefined": false
      }
    ],
    "isTemplate": false,
    "count": 0,
    "updated": 0
  },
  {
    "id": "69d32089-e822-4cf8-990e-41cf0e7c91b8",
    "data": [
      {
        "text": "Do I need to wear a surgical mask?",
        "userDefined": false
      }
    ],
    "isTemplate": false,
    "count": 0,
    "updated": 0
  },
  {
    "id": "583eee04-e653-404a-a274-0d27a81aa522",
    "data": [
      {
        "text": "should I wear a mask when I go out",
        "userDefined": false
      }
    ],
    "isTemplate": false,
    "count": 0,
    "updated": 0
  },
  {
    "id": "b8b118ff-3cb5-40aa-bb4f-f699e466ab72",
    "data": [
      {
        "text": "does it help wearing a mask",
        "userDefined": false
      }
    ],
    "isTemplate": false,
    "count": 0,
    "updated": 0
  },
  {
    "id": "4a80efb8-5347-44c6-89fa-e8f9caa5aaa0",
    "data": [
      {
        "text": "Where can I get a mask?",
        "userDefined": false
      }
    ],
    "isTemplate": false,
    "count": 0,
    "updated": 0
  },
  {
    "id": "4c66b53e-91d1-40f2-8a00-888f1a11b36b",
    "data": [
      {
        "text": "where can I get masks",
        "userDefined": false
      }
    ],
    "isTemplate": false,
    "count": 0,
    "updated": 0
  },
  {
    "id": "bdad03ed-418f-4ab1-bc00-9826d4b85388",
    "data": [
      {
        "text": "are masks effective at stopping the virus?",
        "userDefined": false
      }
    ],
    "isTemplate": false,
    "count": 0,
    "updated": 0
  },
  {
    "id": "b10f8ef4-0c16-48a1-ad46-c9135233f354",
    "data": [
      {
        "text": "does wearing a mask really help?",
        "userDefined": false
      }
    ],
    "isTemplate": false,
    "count": 0,
    "updated": 0
  },
  {
    "id": "bc8c177f-1e50-4bdf-9d21-0c592fca169f",
    "data": [
      {
        "text": "do face masks work for stopping covid-19?",
        "userDefined": false
      }
    ],
    "isTemplate": false,
    "count": 0,
    "updated": 0
  },
  {
    "id": "5f18217c-dc46-4af5-bf91-1e4fe151bdf4",
    "data": [
      {
        "text": "Is it true that face masks won\u0027t prevent coronavirus?",
        "userDefined": false
      }
    ],
    "isTemplate": false,
    "count": 0,
    "updated": 0
  },
  {
    "id": "14daa9fd-cc29-4b84-a7b4-4e7affd95da5",
    "data": [
      {
        "text": "should I wear a face mask to protect against corona virus?",
        "userDefined": false
      }
    ],
    "isTemplate": false,
    "count": 0,
    "updated": 0
  },
  {
    "id": "9e94989a-be50-406a-8aeb-380f4ba5e8cc",
    "data": [
      {
        "text": "can a face mask stop coronavirus?",
        "userDefined": false
      }
    ],
    "isTemplate": false,
    "count": 0,
    "updated": 0
  },
  {
    "id": "c70a17f8-03e0-49b2-9d2b-5456413fa1aa",
    "data": [
      {
        "text": "can wearing a face mask protect me from the new conronavirus?",
        "userDefined": false
      }
    ],
    "isTemplate": false,
    "count": 0,
    "updated": 0
  },
  {
    "id": "1ca60213-ee06-4c9b-a0fd-0834e8585ba1",
    "data": [
      {
        "text": "do I need to wear a mask in public?",
        "userDefined": false
      }
    ],
    "isTemplate": false,
    "count": 0,
    "updated": 0
  },
  {
    "id": "e9cbfe94-5299-4be9-95f3-d4c3a94eecee",
    "data": [
      {
        "text": "should I wear a mask to protect myself?",
        "userDefined": false
      }
    ],
    "isTemplate": false,
    "count": 0,
    "updated": 0
  }
]