[
  {
    "id": "e7a777ce-141a-49e2-99c8-bbfd1e48a98c",
    "data": [
      {
        "text": "Can I pass Covid to my fetus",
        "userDefined": false
      }
    ],
    "isTemplate": false,
    "count": 0,
    "updated": 0
  },
  {
    "id": "79c9ed57-ca7e-40f3-8f4c-fc15b73d9946",
    "data": [
      {
        "text": "Can Corona virus be come an issue for pregnant women?",
        "userDefined": false
      }
    ],
    "isTemplate": false,
    "count": 0,
    "updated": 0
  },
  {
    "id": "e173b9cc-bc41-4be4-a28b-a7e616f8b4d2",
    "data": [
      {
        "text": "10 caronavirus cause issues for pregnant woman",
        "userDefined": false
      }
    ],
    "isTemplate": false,
    "count": 0,
    "updated": 0
  },
  {
    "id": "e3fc98d4-8c34-4400-b272-477b46c2f5fa",
    "data": [
      {
        "text": "Do i need to take extra precaution during pregnancy?",
        "userDefined": false
      }
    ],
    "isTemplate": false,
    "count": 0,
    "updated": 0
  },
  {
    "id": "49b062ca-e811-4320-966f-8f4868af15b0",
    "data": [
      {
        "text": "Will coronavirus harm the fetus in pregnant women?",
        "userDefined": false
      }
    ],
    "isTemplate": false,
    "count": 0,
    "updated": 0
  },
  {
    "id": "ff0f8402-38c5-4943-ba94-dd2322732cc7",
    "data": [
      {
        "text": "Can COVID-19 be passed from a pregnant woman to the fetus or newborn?",
        "userDefined": false
      }
    ],
    "isTemplate": false,
    "count": 0,
    "updated": 0
  },
  {
    "id": "5e09af98-704d-4ff4-8997-9a7e670b4d14",
    "data": [
      {
        "text": "I am pregnant can it effect my child",
        "userDefined": false
      }
    ],
    "isTemplate": false,
    "count": 1,
    "updated": 0
  },
  {
    "id": "9f7acd34-3fe6-4a72-88da-bd21d8f47278",
    "data": [
      {
        "text": "What happens if you are pregnant and is getting the virus",
        "userDefined": false
      }
    ],
    "isTemplate": false,
    "count": 1,
    "updated": 0
  },
  {
    "id": "6aa34c29-7c49-441e-bc0f-cbd6fd403d51",
    "data": [
      {
        "text": "Are there any problems if I\u0027m pregnant?",
        "userDefined": false
      }
    ],
    "isTemplate": false,
    "count": 0,
    "updated": 0
  },
  {
    "id": "04b912a8-dfe4-4436-96ee-40acb68ed464",
    "data": [
      {
        "text": "Can COVID-19 cause problems for a pregnancy?",
        "userDefined": false
      }
    ],
    "isTemplate": false,
    "count": 0,
    "updated": 0
  }
]