[
  {
    "id": "9906eb69-6173-46a8-aa45-1bd6c2f1f09e",
    "data": [
      {
        "text": "How long after recovering can someone spread ",
        "userDefined": false
      },
      {
        "text": "COVID-19",
        "alias": "covid-19",
        "meta": "@covid-19",
        "userDefined": false
      },
      {
        "text": "?",
        "userDefined": false
      }
    ],
    "isTemplate": false,
    "count": 0,
    "updated": 0
  },
  {
    "id": "255234c2-3fc6-47e8-b4d7-8a40872836ae",
    "data": [
      {
        "text": "Can someone spread ",
        "userDefined": false
      },
      {
        "text": "COVID",
        "alias": "covid-19",
        "meta": "@covid-19",
        "userDefined": false
      },
      {
        "text": " after getting better?",
        "userDefined": false
      }
    ],
    "isTemplate": false,
    "count": 0,
    "updated": 0
  },
  {
    "id": "18058513-7ef5-41c4-8f87-62ddfd2340e6",
    "data": [
      {
        "text": "How long can someone spread ",
        "userDefined": false
      },
      {
        "text": "coronavirus",
        "alias": "covid-19",
        "meta": "@covid-19",
        "userDefined": false
      },
      {
        "text": " to others?",
        "userDefined": false
      }
    ],
    "isTemplate": false,
    "count": 0,
    "updated": 0
  },
  {
    "id": "ae17c95d-b9eb-4416-9214-2cfc48d59130",
    "data": [
      {
        "text": "Can someone who has had ",
        "userDefined": false
      },
      {
        "text": "COVID-19",
        "alias": "covid-19",
        "meta": "@covid-19",
        "userDefined": false
      },
      {
        "text": " spread it to others?",
        "userDefined": false
      }
    ],
    "isTemplate": false,
    "count": 0,
    "updated": 0
  }
]