[
  {
    "id": "5972f7d0-9765-46df-8ec8-d6d3ed1a8753",
    "data": [
      {
        "text": "What can I use to clean and disinfect ",
        "userDefined": false
      },
      {
        "text": "coronavirus",
        "alias": "covid-19",
        "meta": "@covid-19",
        "userDefined": false
      },
      {
        "text": "?",
        "userDefined": false
      }
    ],
    "isTemplate": false,
    "count": 0,
    "updated": 0
  },
  {
    "id": "af31e6f7-b3a7-42ef-a197-07e5c55b60ab",
    "data": [
      {
        "text": "What cleaning products should I use to protect against ",
        "userDefined": false
      },
      {
        "text": "COVID-19",
        "alias": "covid-19",
        "meta": "@covid-19",
        "userDefined": false
      },
      {
        "text": "?",
        "userDefined": false
      }
    ],
    "isTemplate": false,
    "count": 0,
    "updated": 0
  }
]