[
  {
    "id": "dd359a9b-1c9f-4efd-8f66-a7fab0bcf0ec",
    "data": [
      {
        "text": "I\u0027ve had close contact with someone who has ",
        "userDefined": false
      },
      {
        "text": "COVID",
        "alias": "covid-19",
        "meta": "@covid-19",
        "userDefined": false
      }
    ],
    "isTemplate": false,
    "count": 0,
    "updated": 0
  },
  {
    "id": "fca274aa-dbc0-4bb8-87f3-4280ee6fd3f2",
    "data": [
      {
        "text": "What should I do if I\u0027ve met someone with ",
        "userDefined": false
      },
      {
        "text": "coronavirus",
        "alias": "covid-19",
        "meta": "@covid-19",
        "userDefined": false
      },
      {
        "text": "?",
        "userDefined": false
      }
    ],
    "isTemplate": false,
    "count": 0,
    "updated": 0
  },
  {
    "id": "d4b4694b-81d2-468f-8c9c-f39db83ea5c9",
    "data": [
      {
        "text": "I\u0027ve been exposed to ",
        "userDefined": false
      },
      {
        "text": "coronavirus",
        "alias": "covid-19",
        "meta": "@covid-19",
        "userDefined": false
      }
    ],
    "isTemplate": false,
    "count": 0,
    "updated": 0
  },
  {
    "id": "2cbb8759-0111-4972-a016-4ec0f1e8adb4",
    "data": [
      {
        "text": "What should I do if I have had close contact with someone who has ",
        "userDefined": false
      },
      {
        "text": "COVID-19",
        "alias": "covid-19",
        "meta": "@covid-19",
        "userDefined": false
      },
      {
        "text": "?",
        "userDefined": false
      }
    ],
    "isTemplate": false,
    "count": 0,
    "updated": 0
  }
]