[
  {
    "id": "3296c164-e74e-48b8-a53a-0882c33e8fd0",
    "data": [
      {
        "text": "What is Covid",
        "userDefined": false
      }
    ],
    "isTemplate": false,
    "count": 0,
    "updated": 0
  },
  {
    "id": "464ccd03-1150-485e-8e28-e3bafa6aac6b",
    "data": [
      {
        "text": "COVID-19",
        "userDefined": false
      }
    ],
    "isTemplate": false,
    "count": 0,
    "updated": 0
  },
  {
    "id": "e3b0d729-b8d6-459e-ab4d-b7f76744d9b4",
    "data": [
      {
        "text": "What is covid-19?",
        "userDefined": false
      }
    ],
    "isTemplate": false,
    "count": 0,
    "updated": 0
  },
  {
    "id": "f0a77fc5-2e21-4fda-a449-13b70e178bbd",
    "data": [
      {
        "text": "what is corona",
        "userDefined": false
      }
    ],
    "isTemplate": false,
    "count": 0,
    "updated": 0
  },
  {
    "id": "7a4f51f3-6a54-4fb0-b79a-950eee5bc5d5",
    "data": [
      {
        "text": "what is covid-19 and why should i worry?",
        "userDefined": false
      }
    ],
    "isTemplate": false,
    "count": 1,
    "updated": 0
  },
  {
    "id": "9991eb54-4b4b-42d3-8983-7b799b32ed11",
    "data": [
      {
        "text": "what is the difference between corona and covid-19",
        "userDefined": false
      }
    ],
    "isTemplate": false,
    "count": 0,
    "updated": 0
  },
  {
    "id": "7545389b-926d-4f8d-97d1-eefbce4f2890",
    "data": [
      {
        "text": "Okay. Can you define coronavirus for me, please?",
        "userDefined": false
      }
    ],
    "isTemplate": false,
    "count": 0,
    "updated": 0
  },
  {
    "id": "a2e797c8-0d22-4214-8c71-eacfed082a7e",
    "data": [
      {
        "text": "virus",
        "userDefined": false
      }
    ],
    "isTemplate": false,
    "count": 0,
    "updated": 0
  },
  {
    "id": "acaa76d6-55df-47e3-81fc-0bd4a6c41efb",
    "data": [
      {
        "text": "Is corona related to the flu",
        "userDefined": false
      }
    ],
    "isTemplate": false,
    "count": 0,
    "updated": 0
  },
  {
    "id": "daf00622-9d77-4f7d-a5ad-0383df11a7df",
    "data": [
      {
        "text": "can you get pneumonia from corona",
        "userDefined": false
      }
    ],
    "isTemplate": false,
    "count": 0,
    "updated": 0
  },
  {
    "id": "8aef3fb6-e3e4-4cd8-bad6-8935cce01e68",
    "data": [
      {
        "text": "What is covid",
        "userDefined": false
      }
    ],
    "isTemplate": false,
    "count": 0,
    "updated": 0
  },
  {
    "id": "164bc9db-c7dc-4372-9d41-4afc7f5cafda",
    "data": [
      {
        "text": "what is ncov?",
        "userDefined": false
      }
    ],
    "isTemplate": false,
    "count": 0,
    "updated": 0
  },
  {
    "id": "b09753be-ba6d-49a9-9da1-c6d7bc6cb3cc",
    "data": [
      {
        "text": "what is ncov19?",
        "userDefined": false
      }
    ],
    "isTemplate": false,
    "count": 0,
    "updated": 0
  },
  {
    "id": "43b85282-ed20-4fb7-9ce8-9bb303887684",
    "data": [
      {
        "text": "what is n-cov?",
        "userDefined": false
      }
    ],
    "isTemplate": false,
    "count": 0,
    "updated": 0
  },
  {
    "id": "8f7fc7dd-f483-4668-8c2e-ed840595b97d",
    "data": [
      {
        "text": "What is covid",
        "userDefined": false
      },
      {
        "text": "19",
        "meta": "@sys.ignore",
        "userDefined": false
      }
    ],
    "isTemplate": false,
    "count": 0,
    "updated": 0
  },
  {
    "id": "bce183b8-4766-465c-9efa-d676759894e9",
    "data": [
      {
        "text": "Where is covid",
        "userDefined": false
      }
    ],
    "isTemplate": false,
    "count": 0,
    "updated": 0
  },
  {
    "id": "40c6d2b2-9d03-41a6-b59d-7b7cc5b261a5",
    "data": [
      {
        "text": "Corona virus",
        "userDefined": false
      }
    ],
    "isTemplate": false,
    "count": 0,
    "updated": 0
  },
  {
    "id": "5abf4bf2-090a-4735-b273-b9bc224d3cb8",
    "data": [
      {
        "text": "What is COVID-19?",
        "userDefined": false
      }
    ],
    "isTemplate": false,
    "count": 0,
    "updated": 0
  },
  {
    "id": "0d2825aa-683f-4ab3-beb0-60c7d04d457a",
    "data": [
      {
        "text": "what is the virus",
        "userDefined": false
      }
    ],
    "isTemplate": false,
    "count": 0,
    "updated": 0
  },
  {
    "id": "d96e7151-403a-42af-9000-510b4e38c46f",
    "data": [
      {
        "text": "what can you tell me about viruses",
        "userDefined": false
      }
    ],
    "isTemplate": false,
    "count": 0,
    "updated": 0
  },
  {
    "id": "42f52622-f3aa-4f2e-8c84-85963c967dbf",
    "data": [
      {
        "text": "What is the virus?",
        "userDefined": false
      }
    ],
    "isTemplate": false,
    "count": 1,
    "updated": 0
  },
  {
    "id": "e0521781-2e2a-4509-a9b0-b1fc5b664e5f",
    "data": [
      {
        "text": "what can you tell me about covid-19",
        "userDefined": false
      }
    ],
    "isTemplate": false,
    "count": 0,
    "updated": 0
  },
  {
    "id": "e139d3f4-f44a-4228-8e8a-8397e10f439e",
    "data": [
      {
        "text": "What is Coronavirus?",
        "userDefined": false
      }
    ],
    "isTemplate": false,
    "count": 0,
    "updated": 0
  },
  {
    "id": "82323eae-9799-466e-8f62-d69ea45e7284",
    "data": [
      {
        "text": "what is this new ",
        "userDefined": false
      },
      {
        "text": "coronavirus",
        "meta": "@sys.ignore",
        "userDefined": true
      },
      {
        "text": " disease?",
        "userDefined": false
      }
    ],
    "isTemplate": false,
    "count": 0,
    "updated": 0
  },
  {
    "id": "2921fa46-a38b-466b-8749-6f69f0618212",
    "data": [
      {
        "text": "show me something about ",
        "userDefined": false
      },
      {
        "text": "coronavirus",
        "meta": "@sys.ignore",
        "userDefined": true
      }
    ],
    "isTemplate": false,
    "count": 0,
    "updated": 0
  },
  {
    "id": "7dddaf65-4bee-48a3-8355-497881c31c35",
    "data": [
      {
        "text": "explain ",
        "userDefined": false
      },
      {
        "text": "coronavirus",
        "meta": "@sys.ignore",
        "userDefined": true
      },
      {
        "text": " to me",
        "userDefined": false
      }
    ],
    "isTemplate": false,
    "count": 0,
    "updated": 0
  },
  {
    "id": "aecba724-7dd6-4d55-9929-cf67edc55c91",
    "data": [
      {
        "text": "what is the ",
        "userDefined": false
      },
      {
        "text": "novel virus",
        "meta": "@sys.ignore",
        "userDefined": true
      },
      {
        "text": " going around called?",
        "userDefined": false
      }
    ],
    "isTemplate": false,
    "count": 0,
    "updated": 0
  },
  {
    "id": "20e5999c-c66d-4898-a26c-be171f77902e",
    "data": [
      {
        "text": "how did the coronavirus ",
        "userDefined": false
      },
      {
        "text": "first",
        "meta": "@sys.ignore",
        "userDefined": false
      },
      {
        "text": " start?",
        "userDefined": false
      }
    ],
    "isTemplate": false,
    "count": 0,
    "updated": 0
  },
  {
    "id": "849f1d79-140c-4b48-92bf-327ae5735a80",
    "data": [
      {
        "text": "what is coronavirus and how did it start?",
        "userDefined": false
      }
    ],
    "isTemplate": false,
    "count": 0,
    "updated": 0
  },
  {
    "id": "103197b5-5065-41cd-8c8d-4f8ba32c177f",
    "data": [
      {
        "text": "what to know about the mysterious coronavirus",
        "userDefined": false
      }
    ],
    "isTemplate": false,
    "count": 0,
    "updated": 0
  },
  {
    "id": "2ee6bda5-1317-4341-8295-10495344c05b",
    "data": [
      {
        "text": "want to know about covid 19",
        "userDefined": false
      }
    ],
    "isTemplate": false,
    "count": 0,
    "updated": 0
  },
  {
    "id": "f58636b9-7cf6-4d44-8490-f53874416d55",
    "data": [
      {
        "text": "what is the new virus called?",
        "userDefined": false
      }
    ],
    "isTemplate": false,
    "count": 0,
    "updated": 0
  },
  {
    "id": "36a18072-b138-4dfa-8ecf-3630bca5f770",
    "data": [
      {
        "text": "what is a novel coronavirus?",
        "userDefined": false
      }
    ],
    "isTemplate": false,
    "count": 0,
    "updated": 0
  },
  {
    "id": "8a0e1e90-2b6c-4573-b28c-6d40f61dcd38",
    "data": [
      {
        "text": "coronavirus basic info",
        "userDefined": false
      }
    ],
    "isTemplate": false,
    "count": 0,
    "updated": 0
  },
  {
    "id": "4333a759-40e4-40e4-8889-478f13a3c267",
    "data": [
      {
        "text": "what is COVID-19?",
        "userDefined": false
      }
    ],
    "isTemplate": false,
    "count": 0,
    "updated": 0
  },
  {
    "id": "6e98786e-8608-4607-aab5-d9b0276eb2b2",
    "data": [
      {
        "text": "I want to know about coronavirus",
        "userDefined": false
      }
    ],
    "isTemplate": false,
    "count": 0,
    "updated": 0
  },
  {
    "id": "52cbd0a6-27b1-4a7e-88ad-b0bd1568aad0",
    "data": [
      {
        "text": "tell me something about coronavirus",
        "userDefined": false
      }
    ],
    "isTemplate": false,
    "count": 0,
    "updated": 0
  },
  {
    "id": "606340d7-44da-4560-97d2-7d61c29ed7a0",
    "data": [
      {
        "text": "define coronavirus",
        "userDefined": false
      }
    ],
    "isTemplate": false,
    "count": 0,
    "updated": 0
  },
  {
    "id": "2b48606b-bf10-4841-a57a-4a3e724e7ce0",
    "data": [
      {
        "text": "what is coronavirus?",
        "userDefined": false
      }
    ],
    "isTemplate": false,
    "count": 0,
    "updated": 0
  }
]