[
  {
    "id": "d1ce7049-6b32-4cd4-b57d-aca3d0aa5f28",
    "data": [
      {
        "text": "What if I have high risk",
        "userDefined": false
      }
    ],
    "isTemplate": false,
    "count": 0,
    "updated": 0
  },
  {
    "id": "1aa83270-4b03-4ac5-97fb-e19e9e5d3677",
    "data": [
      {
        "text": "What should I do if I have risk factors?",
        "userDefined": false
      }
    ],
    "isTemplate": false,
    "count": 0,
    "updated": 0
  },
  {
    "id": "8c3b3eea-d074-41d6-97c7-0a937009b49f",
    "data": [
      {
        "text": "What should people at higher risk of serious illness with ",
        "userDefined": false
      },
      {
        "text": "COVID-19",
        "alias": "covid-19",
        "meta": "@covid-19",
        "userDefined": false
      },
      {
        "text": " do?",
        "userDefined": false
      }
    ],
    "isTemplate": false,
    "count": 0,
    "updated": 0
  }
]