[
  {
    "id": "b59420e3-e53c-40a6-82c3-2dd182ca0edb",
    "data": [
      {
        "text": "What are the precautions to take for ",
        "userDefined": false
      },
      {
        "text": "Corona",
        "alias": "covid-19",
        "meta": "@covid-19",
        "userDefined": false
      },
      {
        "text": " wear?",
        "userDefined": false
      }
    ],
    "isTemplate": false,
    "count": 0,
    "updated": 0
  },
  {
    "id": "a04d2d3a-61e2-4b23-9343-18474043912a",
    "data": [
      {
        "text": "what precautions should i take?",
        "userDefined": false
      }
    ],
    "isTemplate": false,
    "count": 0,
    "updated": 0
  },
  {
    "id": "5b7c49cb-ee6d-4b63-a4f4-ce078ee5df5c",
    "data": [
      {
        "text": " If I’m sick, how do I protect the people I live with?",
        "userDefined": false
      }
    ],
    "isTemplate": false,
    "count": 0,
    "updated": 0
  },
  {
    "id": "567b34db-7a38-4a8f-adba-9275e278bf07",
    "data": [
      {
        "text": "how to prevent getting ",
        "userDefined": false
      },
      {
        "text": "Coronavirus",
        "alias": "covid-19",
        "meta": "@covid-19",
        "userDefined": false
      }
    ],
    "isTemplate": false,
    "count": 0,
    "updated": 0
  },
  {
    "id": "118b0177-2bae-4cf3-a109-6c7a04c9011e",
    "data": [
      {
        "text": "how to clean my home to prevent ",
        "userDefined": false
      },
      {
        "text": "Coronavirus",
        "alias": "covid-19",
        "meta": "@covid-19",
        "userDefined": false
      }
    ],
    "isTemplate": false,
    "count": 0,
    "updated": 0
  },
  {
    "id": "11840697-4069-45b1-ae0f-bd4bcef0e472",
    "data": [
      {
        "text": "how can I guard myself",
        "userDefined": false
      }
    ],
    "isTemplate": false,
    "count": 1,
    "updated": 0
  },
  {
    "id": "92dcffc7-9dbb-4d4f-b258-374fe6fcfa22",
    "data": [
      {
        "text": "What precautions I need to do?",
        "userDefined": false
      }
    ],
    "isTemplate": false,
    "count": 0,
    "updated": 0
  },
  {
    "id": "b241e8b0-2ad2-4052-b425-0626d07496ba",
    "data": [
      {
        "text": "I think I have ",
        "userDefined": false
      },
      {
        "text": "Corona",
        "alias": "covid-19",
        "meta": "@covid-19",
        "userDefined": false
      },
      {
        "text": ". How can I protect others from getting it?",
        "userDefined": false
      }
    ],
    "isTemplate": false,
    "count": 0,
    "updated": 0
  },
  {
    "id": "54e96767-bcf2-4532-9eec-96d8ae60ddb1",
    "data": [
      {
        "text": "How can I protect myself?",
        "userDefined": false
      }
    ],
    "isTemplate": false,
    "count": 0,
    "updated": 0
  },
  {
    "id": "409282b2-4be6-452a-86ba-153d87c086f1",
    "data": [
      {
        "text": "precautions",
        "userDefined": false
      }
    ],
    "isTemplate": false,
    "count": 0,
    "updated": 0
  },
  {
    "id": "a6547005-f008-4c6c-a1c3-95d17592f07a",
    "data": [
      {
        "text": "what to do",
        "userDefined": false
      }
    ],
    "isTemplate": false,
    "count": 0,
    "updated": 0
  },
  {
    "id": "0ce82a83-e6c7-425a-9316-879fd2aa4ed2",
    "data": [
      {
        "text": "what can I do to protect my family",
        "userDefined": false
      }
    ],
    "isTemplate": false,
    "count": 1,
    "updated": 0
  },
  {
    "id": "1b1d3202-1288-4734-bffb-71ece1d343de",
    "data": [
      {
        "text": "how can I defend myself from getting it",
        "userDefined": false
      }
    ],
    "isTemplate": false,
    "count": 0,
    "updated": 0
  },
  {
    "id": "14ef320d-37b7-453a-9d03-5cad50132f2f",
    "data": [
      {
        "text": "how can I save myself from getting it",
        "userDefined": false
      }
    ],
    "isTemplate": false,
    "count": 0,
    "updated": 0
  },
  {
    "id": "05ef6896-6b73-481b-b7eb-6605797a4168",
    "data": [
      {
        "text": "should we wear gloves when we go out/",
        "userDefined": false
      }
    ],
    "isTemplate": false,
    "count": 0,
    "updated": 0
  },
  {
    "id": "1d1dc4f3-7c89-44d3-8580-88c635726dca",
    "data": [
      {
        "text": "how can you stay safe",
        "userDefined": false
      }
    ],
    "isTemplate": false,
    "count": 0,
    "updated": 0
  },
  {
    "id": "c4e0b939-1fb4-4d2e-a8d3-90b52511d304",
    "data": [
      {
        "text": "how can one stay safe",
        "userDefined": false
      }
    ],
    "isTemplate": false,
    "count": 0,
    "updated": 0
  },
  {
    "id": "2d04c3ad-31d2-4757-ad5d-5932c1e81376",
    "data": [
      {
        "text": "how to not get the virus",
        "userDefined": false
      }
    ],
    "isTemplate": false,
    "count": 1,
    "updated": 0
  },
  {
    "id": "aaca36c2-267c-495b-89f2-da0406be0c16",
    "data": [
      {
        "text": "How do I protect myself?",
        "userDefined": false
      }
    ],
    "isTemplate": false,
    "count": 0,
    "updated": 0
  },
  {
    "id": "d00819ed-5a21-4b89-abfc-170caaccdb80",
    "data": [
      {
        "text": "what should I be doing?",
        "userDefined": false
      }
    ],
    "isTemplate": false,
    "count": 1,
    "updated": 0
  },
  {
    "id": "8c055cf3-70f4-48e8-8423-a34b58ce8e80",
    "data": [
      {
        "text": "what should I be doing",
        "userDefined": false
      }
    ],
    "isTemplate": false,
    "count": 1,
    "updated": 0
  },
  {
    "id": "16917ac7-2f01-4933-ae82-d29fdc32798a",
    "data": [
      {
        "text": "do you have any advice?",
        "userDefined": false
      }
    ],
    "isTemplate": false,
    "count": 1,
    "updated": 0
  },
  {
    "id": "5bf7e186-9476-4f95-b79c-0f783d3c1ad8",
    "data": [
      {
        "text": "do you have any advice/",
        "userDefined": false
      }
    ],
    "isTemplate": false,
    "count": 0,
    "updated": 0
  },
  {
    "id": "77936222-017d-413c-a429-ff32444214ed",
    "data": [
      {
        "text": "how do I stay safe amidst the outbreak?",
        "userDefined": false
      }
    ],
    "isTemplate": false,
    "count": 0,
    "updated": 0
  },
  {
    "id": "b573a002-11de-466e-b9dd-dfe0d914e321",
    "data": [
      {
        "text": "do you have tips to stay safe?",
        "userDefined": false
      }
    ],
    "isTemplate": false,
    "count": 0,
    "updated": 0
  },
  {
    "id": "79ca9665-f1df-4b22-9fd3-6da695ec5f22",
    "data": [
      {
        "text": "tips",
        "userDefined": false
      }
    ],
    "isTemplate": false,
    "count": 0,
    "updated": 0
  },
  {
    "id": "2d121b93-8dba-4ec2-9e9c-8a775cdcc59e",
    "data": [
      {
        "text": "What should I do",
        "userDefined": false
      }
    ],
    "isTemplate": false,
    "count": 0,
    "updated": 0
  },
  {
    "id": "15895837-0879-49e8-9fe8-e897db4bbf83",
    "data": [
      {
        "text": "what are the precautions which I can take to protect from getting infected",
        "userDefined": false
      }
    ],
    "isTemplate": false,
    "count": 0,
    "updated": 0
  },
  {
    "id": "55cb335c-c4af-4978-8f31-eccf9662edec",
    "data": [
      {
        "text": "what should I do",
        "userDefined": false
      }
    ],
    "isTemplate": false,
    "count": 0,
    "updated": 0
  },
  {
    "id": "b02ad92b-4d6a-49da-a395-efe3f45844e8",
    "data": [
      {
        "text": "What should I do?",
        "userDefined": false
      }
    ],
    "isTemplate": false,
    "count": 0,
    "updated": 0
  },
  {
    "id": "39b6d98a-709a-4d5a-a02a-12104718d155",
    "data": [
      {
        "text": "how do I avoid giving ",
        "userDefined": false
      },
      {
        "text": "corona",
        "alias": "covid-19",
        "meta": "@covid-19",
        "userDefined": false
      },
      {
        "text": " to others",
        "userDefined": false
      }
    ],
    "isTemplate": false,
    "count": 0,
    "updated": 0
  },
  {
    "id": "e7390cdf-6016-4cad-91d7-697e41e44d90",
    "data": [
      {
        "text": "What can i do to not get infected",
        "userDefined": false
      }
    ],
    "isTemplate": false,
    "count": 0,
    "updated": 0
  },
  {
    "id": "d2af17c7-688b-4d6a-8ced-6cebc6d8f316",
    "data": [
      {
        "text": "What should I do to keep myself safe?",
        "userDefined": false
      }
    ],
    "isTemplate": false,
    "count": 0,
    "updated": 0
  },
  {
    "id": "254e1731-be0e-4537-87bc-60af4db702c8",
    "data": [
      {
        "text": "Can I do anything to avoid being infected?",
        "userDefined": false
      }
    ],
    "isTemplate": false,
    "count": 0,
    "updated": 0
  },
  {
    "id": "ffdd5c02-83a6-4250-84d0-83e11a6233ba",
    "data": [
      {
        "text": "How do I avoid covid-19?",
        "userDefined": false
      }
    ],
    "isTemplate": false,
    "count": 0,
    "updated": 0
  },
  {
    "id": "94ad3333-04b0-4861-bc2d-068471a5a1ea",
    "data": [
      {
        "text": "How do I avoid getting the virus?",
        "userDefined": false
      }
    ],
    "isTemplate": false,
    "count": 0,
    "updated": 0
  },
  {
    "id": "53f17d03-63c0-4f5e-81f3-f95aecab5cd4",
    "data": [
      {
        "text": "What can I do to not get infected?",
        "userDefined": false
      }
    ],
    "isTemplate": false,
    "count": 0,
    "updated": 0
  },
  {
    "id": "706a8df9-3ae6-4f67-aae6-850c9c1db20f",
    "data": [
      {
        "text": "How can I keep my self safe from others?",
        "userDefined": false
      }
    ],
    "isTemplate": false,
    "count": 0,
    "updated": 0
  },
  {
    "id": "e9703f35-527a-4f2b-ad4f-7c29e20908e0",
    "data": [
      {
        "text": "how to stay safe from getting it",
        "userDefined": false
      }
    ],
    "isTemplate": false,
    "count": 0,
    "updated": 0
  },
  {
    "id": "6a1d99e9-1a0a-4293-8684-19dff510cf81",
    "data": [
      {
        "text": "how do i make sure i don\u0027t get the virus",
        "userDefined": false
      }
    ],
    "isTemplate": false,
    "count": 0,
    "updated": 0
  },
  {
    "id": "f1358de6-6c8a-490b-ac1e-b20d6c209ee8",
    "data": [
      {
        "text": "What precautions should I take",
        "userDefined": false
      }
    ],
    "isTemplate": false,
    "count": 0,
    "updated": 0
  },
  {
    "id": "3076d4a0-6f84-4d2f-976f-226fbb67b362",
    "data": [
      {
        "text": "What should I avoid to do?",
        "userDefined": false
      }
    ],
    "isTemplate": false,
    "count": 0,
    "updated": 0
  },
  {
    "id": "14c75d7f-7b48-472e-9449-dd65d1716b9c",
    "data": [
      {
        "text": "how do I avoid giving ",
        "userDefined": false
      },
      {
        "text": "corona",
        "alias": "covid-19",
        "meta": "@covid-19",
        "userDefined": false
      },
      {
        "text": " to others?",
        "userDefined": false
      }
    ],
    "isTemplate": false,
    "count": 0,
    "updated": 0
  },
  {
    "id": "3fbd02b5-e0ca-478a-a8d3-439c2dde4888",
    "data": [
      {
        "text": "what should i do to avoid it",
        "userDefined": false
      }
    ],
    "isTemplate": false,
    "count": 0,
    "updated": 0
  },
  {
    "id": "77acc6d2-0fff-424d-aa31-8c6ec2beaf1e",
    "data": [
      {
        "text": "how can i avoid ",
        "userDefined": false
      },
      {
        "text": "corona",
        "alias": "covid-19",
        "meta": "@covid-19",
        "userDefined": false
      },
      {
        "text": "?",
        "userDefined": false
      }
    ],
    "isTemplate": false,
    "count": 0,
    "updated": 0
  },
  {
    "id": "b330647f-23d4-4602-a3fc-b20b1525ce2c",
    "data": [
      {
        "text": "I\u0027m about to check myself in my family.",
        "userDefined": false
      }
    ],
    "isTemplate": false,
    "count": 0,
    "updated": 0
  },
  {
    "id": "18d3ddc1-c9f7-4de4-aa14-7e598b6564ff",
    "data": [
      {
        "text": "Okay, how do I protect myself in my family?",
        "userDefined": false
      }
    ],
    "isTemplate": false,
    "count": 0,
    "updated": 0
  },
  {
    "id": "9fea95de-6608-4c57-9e2e-ca4967bec1cb",
    "data": [
      {
        "text": "What are the precautions I need to take?",
        "userDefined": false
      }
    ],
    "isTemplate": false,
    "count": 0,
    "updated": 0
  },
  {
    "id": "154b03dc-ab47-4704-9111-e5999d531d2d",
    "data": [
      {
        "text": "coronavirus",
        "alias": "covid-19",
        "meta": "@covid-19",
        "userDefined": false
      },
      {
        "text": " preventive measures",
        "userDefined": false
      }
    ],
    "isTemplate": false,
    "count": 0,
    "updated": 0
  },
  {
    "id": "cf45ab34-7fbd-4deb-b71b-eab2ead37b01",
    "data": [
      {
        "text": "methods of prevention",
        "userDefined": false
      }
    ],
    "isTemplate": false,
    "count": 0,
    "updated": 0
  },
  {
    "id": "0f2fbeef-acbe-496a-9d37-1364f4fb2396",
    "data": [
      {
        "text": "Protecting myself from the disease",
        "userDefined": false
      }
    ],
    "isTemplate": false,
    "count": 0,
    "updated": 0
  },
  {
    "id": "e6a74d18-1108-4096-99a9-7055b4e339a5",
    "data": [
      {
        "text": "How to protect my family from ",
        "userDefined": false
      },
      {
        "text": "coronavirus",
        "alias": "covid-19",
        "meta": "@covid-19",
        "userDefined": false
      },
      {
        "text": "?",
        "userDefined": false
      }
    ],
    "isTemplate": false,
    "count": 0,
    "updated": 0
  },
  {
    "id": "f9b4adc6-b6d6-4bc9-8c0f-f8955b4c99a7",
    "data": [
      {
        "text": "How can I protect myself at a workplace?",
        "userDefined": false
      }
    ],
    "isTemplate": false,
    "count": 0,
    "updated": 0
  },
  {
    "id": "f10a11e5-3efd-4320-a71e-2ec8d4baddf6",
    "data": [
      {
        "text": "what are the practical tips for ",
        "userDefined": false
      },
      {
        "text": "coronavirus",
        "alias": "covid-19",
        "meta": "@covid-19",
        "userDefined": false
      },
      {
        "text": " prevention?",
        "userDefined": false
      }
    ],
    "isTemplate": false,
    "count": 0,
    "updated": 0
  },
  {
    "id": "264f0fc7-381f-41a4-b778-8ac03b64d677",
    "data": [
      {
        "text": "How can I avoid getting infected?",
        "userDefined": false
      }
    ],
    "isTemplate": false,
    "count": 0,
    "updated": 0
  },
  {
    "id": "8542019c-1f4f-46f7-bb4c-2df7900d461a",
    "data": [
      {
        "text": "Are there any prevention methods?",
        "userDefined": false
      }
    ],
    "isTemplate": false,
    "count": 0,
    "updated": 0
  },
  {
    "id": "6dfe9f67-9684-4c2e-8118-a58351ab40e7",
    "data": [
      {
        "text": "what to do to prevent ",
        "userDefined": false
      },
      {
        "text": "coronavirus",
        "alias": "covid-19",
        "meta": "@covid-19",
        "userDefined": false
      },
      {
        "text": "?",
        "userDefined": false
      }
    ],
    "isTemplate": false,
    "count": 0,
    "updated": 0
  },
  {
    "id": "f039fa88-f0ff-4610-b5ae-47215c3f4b96",
    "data": [
      {
        "text": "What can I do to protect myself and prevent the spread of disease?",
        "userDefined": false
      }
    ],
    "isTemplate": false,
    "count": 0,
    "updated": 0
  },
  {
    "id": "aad587d3-a30a-4510-a9c1-80ab7c62ce59",
    "data": [
      {
        "text": "What can I do to protect my self from being infected?",
        "userDefined": false
      }
    ],
    "isTemplate": false,
    "count": 0,
    "updated": 0
  },
  {
    "id": "984197e0-2079-4bfa-8c8b-e92835a66d30",
    "data": [
      {
        "text": "What precautions should I take to prevent being infected?",
        "userDefined": false
      }
    ],
    "isTemplate": false,
    "count": 0,
    "updated": 0
  },
  {
    "id": "a9a83b9e-5231-4bb8-9961-1b7282267b5e",
    "data": [
      {
        "text": "what should i do to prevent myself from being infected by ",
        "userDefined": false
      },
      {
        "text": "coronavirus",
        "alias": "covid-19",
        "meta": "@covid-19",
        "userDefined": false
      },
      {
        "text": "?",
        "userDefined": false
      }
    ],
    "isTemplate": false,
    "count": 0,
    "updated": 0
  },
  {
    "id": "03b75fe3-4cb6-4444-a528-d04c92d0e7d0",
    "data": [
      {
        "text": "How can I protect myself from catching the ",
        "userDefined": false
      },
      {
        "text": "coronavirus",
        "alias": "covid-19",
        "meta": "@covid-19",
        "userDefined": false
      },
      {
        "text": " disease?",
        "userDefined": false
      }
    ],
    "isTemplate": false,
    "count": 0,
    "updated": 0
  }
]