[
  {
    "id": "96fbae22-aae5-4c5a-a16e-4b2ece753af8",
    "data": [
      {
        "text": "Can ticks cause ",
        "userDefined": false
      },
      {
        "text": "COVID-19",
        "alias": "covid-19",
        "meta": "@covid-19",
        "userDefined": false
      },
      {
        "text": "?",
        "userDefined": false
      }
    ],
    "isTemplate": false,
    "count": 0,
    "updated": 0
  },
  {
    "id": "7aad6455-0cb9-4a61-9bfe-d4e2e4cd3c86",
    "data": [
      {
        "text": "Do mosquitoes spread ",
        "userDefined": false
      },
      {
        "text": "COVID-19",
        "alias": "covid-19",
        "meta": "@covid-19",
        "userDefined": false
      },
      {
        "text": "?",
        "userDefined": false
      }
    ],
    "isTemplate": false,
    "count": 0,
    "updated": 0
  },
  {
    "id": "8fe955ae-74e0-461b-a872-90e2b7c47020",
    "data": [
      {
        "text": "Can I get ",
        "userDefined": false
      },
      {
        "text": "COVID",
        "alias": "covid-19",
        "meta": "@covid-19",
        "userDefined": false
      },
      {
        "text": " from ticks?",
        "userDefined": false
      }
    ],
    "isTemplate": false,
    "count": 0,
    "updated": 0
  },
  {
    "id": "1764de00-ccb0-4d20-aa84-1dfbbc471357",
    "data": [
      {
        "text": "Can I get ",
        "userDefined": false
      },
      {
        "text": "coronavirus",
        "alias": "covid-19",
        "meta": "@covid-19",
        "userDefined": false
      },
      {
        "text": " from mosquitoes?",
        "userDefined": false
      }
    ],
    "isTemplate": false,
    "count": 0,
    "updated": 0
  },
  {
    "id": "e8d2ca4a-6775-422b-a299-3838e14db0f8",
    "data": [
      {
        "text": "Can mosquitoes or ticks spread the ",
        "userDefined": false
      },
      {
        "text": "virus",
        "alias": "covid-19",
        "meta": "@covid-19",
        "userDefined": false
      },
      {
        "text": " that causes ",
        "userDefined": false
      },
      {
        "text": "COVID-19",
        "alias": "covid-191",
        "meta": "@covid-19",
        "userDefined": false
      },
      {
        "text": "?",
        "userDefined": false
      }
    ],
    "isTemplate": false,
    "count": 0,
    "updated": 0
  }
]