[
  {
    "id": "f41fdb0a-6e2d-48c3-8c2d-de764a5c8b81",
    "data": [
      {
        "text": "How dangerous is ",
        "userDefined": false
      },
      {
        "text": "Covid",
        "alias": "covid-19",
        "meta": "@covid-19",
        "userDefined": false
      }
    ],
    "isTemplate": false,
    "count": 0,
    "updated": 0
  },
  {
    "id": "ba774630-7ec6-4ab5-a9ab-d0fad18b9143",
    "data": [
      {
        "text": "Who is most at risk?",
        "userDefined": false
      }
    ],
    "isTemplate": false,
    "count": 0,
    "updated": 0
  },
  {
    "id": "359cec03-8675-4e77-8da4-2eb64b770aef",
    "data": [
      {
        "text": "Who is most at risk for ",
        "userDefined": false
      },
      {
        "text": "coronavirus",
        "alias": "covid-19",
        "meta": "@covid-19",
        "userDefined": false
      },
      {
        "text": "?",
        "userDefined": false
      }
    ],
    "isTemplate": false,
    "count": 0,
    "updated": 0
  },
  {
    "id": "31fff143-a312-48ae-bf4f-8669799338e5",
    "data": [
      {
        "text": "is ",
        "userDefined": false
      },
      {
        "text": "corona",
        "alias": "covid-19",
        "meta": "@covid-19",
        "userDefined": false
      },
      {
        "text": " more contagious than normal flu",
        "userDefined": false
      }
    ],
    "isTemplate": false,
    "count": 0,
    "updated": 0
  },
  {
    "id": "ec0f340b-3399-453a-831c-ffa844061f9c",
    "data": [
      {
        "text": "am I at risk if i am 46?",
        "userDefined": false
      }
    ],
    "isTemplate": false,
    "count": 0,
    "updated": 0
  },
  {
    "id": "d8d4ec0c-b433-409f-a2c2-a3d8c81f5597",
    "data": [
      {
        "text": "who is most vulnerable?",
        "userDefined": false
      }
    ],
    "isTemplate": false,
    "count": 0,
    "updated": 0
  },
  {
    "id": "0c7af8d2-d8d6-42d8-9da5-d08f78b52234",
    "data": [
      {
        "text": "Does a high potassium diet reduce risk of catching the virus?",
        "userDefined": false
      }
    ],
    "isTemplate": false,
    "count": 0,
    "updated": 0
  },
  {
    "id": "064981ab-584e-42f1-8832-29d250477602",
    "data": [
      {
        "text": "Can young people die of ",
        "userDefined": false
      },
      {
        "text": "coronavirus",
        "alias": "covid-19",
        "meta": "@covid-19",
        "userDefined": false
      },
      {
        "text": "?",
        "userDefined": false
      }
    ],
    "isTemplate": false,
    "count": 1,
    "updated": 0
  },
  {
    "id": "0fa23259-1b31-4e27-bdf9-6b433d180090",
    "data": [
      {
        "text": "what are my odds of catching ",
        "userDefined": false
      },
      {
        "text": "Coronavirus",
        "alias": "covid-19",
        "meta": "@covid-19",
        "userDefined": false
      }
    ],
    "isTemplate": false,
    "count": 0,
    "updated": 0
  },
  {
    "id": "0b0b01bc-e1d0-449a-bc14-494ffe688730",
    "data": [
      {
        "text": "how long does it take to recover?",
        "userDefined": false
      }
    ],
    "isTemplate": false,
    "count": 0,
    "updated": 0
  },
  {
    "id": "8542495b-b2e2-48e4-8a8b-96120c2a7ae7",
    "data": [
      {
        "text": "how dangerous is ",
        "userDefined": false
      },
      {
        "text": "corona",
        "alias": "covid-19",
        "meta": "@covid-19",
        "userDefined": false
      }
    ],
    "isTemplate": false,
    "count": 0,
    "updated": 0
  },
  {
    "id": "35f62c17-fa64-42c7-831b-433c8b26b1f6",
    "data": [
      {
        "text": "how dangerous is it actually",
        "userDefined": false
      }
    ],
    "isTemplate": false,
    "count": 0,
    "updated": 0
  },
  {
    "id": "27cdd6b7-fa35-465b-ab8e-5a4337298826",
    "data": [
      {
        "text": "who are the people at higher risk",
        "userDefined": false
      }
    ],
    "isTemplate": false,
    "count": 0,
    "updated": 0
  },
  {
    "id": "fa6bc0bb-74d8-4c8c-9c59-0dc11764b912",
    "data": [
      {
        "text": "what age groups does the ",
        "userDefined": false
      },
      {
        "text": "coronavirus",
        "alias": "covid-19",
        "meta": "@covid-19",
        "userDefined": false
      },
      {
        "text": " affect?",
        "userDefined": false
      }
    ],
    "isTemplate": false,
    "count": 0,
    "updated": 0
  },
  {
    "id": "c154b5f0-614b-4fa1-9139-32df3824ba4f",
    "data": [
      {
        "text": "why are elderly more at risk",
        "userDefined": false
      }
    ],
    "isTemplate": false,
    "count": 0,
    "updated": 0
  },
  {
    "id": "2902f74d-b8e0-41eb-847f-6b58f1273579",
    "data": [
      {
        "text": "what people are at higher risk?",
        "userDefined": false
      }
    ],
    "isTemplate": false,
    "count": 0,
    "updated": 0
  },
  {
    "id": "49e21e2a-9aff-47f3-bac2-12cc31fbc3c7",
    "data": [
      {
        "text": "Who is at risk?",
        "userDefined": false
      }
    ],
    "isTemplate": false,
    "count": 0,
    "updated": 0
  },
  {
    "id": "91021efe-c34b-445f-a58a-3ce8d82d8b7d",
    "data": [
      {
        "text": "am I at risk",
        "userDefined": false
      }
    ],
    "isTemplate": false,
    "count": 0,
    "updated": 0
  },
  {
    "id": "61bf28bd-90ac-428b-a4a7-cf79e30ce260",
    "data": [
      {
        "text": "can i die?",
        "userDefined": false
      }
    ],
    "isTemplate": false,
    "count": 0,
    "updated": 0
  },
  {
    "id": "08094985-51ab-471a-9e4f-fe422b69b57c",
    "data": [
      {
        "text": "Is ",
        "userDefined": false
      },
      {
        "text": "coronavirus",
        "alias": "covid-19",
        "meta": "@covid-19",
        "userDefined": false
      },
      {
        "text": " deadly?",
        "userDefined": false
      }
    ],
    "isTemplate": false,
    "count": 0,
    "updated": 0
  },
  {
    "id": "97f39274-d659-4e4d-873d-3ab52b36bc1e",
    "data": [
      {
        "text": "Are the symptoms in children different than in adults?",
        "userDefined": false
      }
    ],
    "isTemplate": false,
    "count": 0,
    "updated": 0
  },
  {
    "id": "0a20ecb7-08dc-4715-987e-74f4fe9c7e8b",
    "data": [
      {
        "text": "How severe is ",
        "userDefined": false
      },
      {
        "text": "coronavirus",
        "alias": "covid-19",
        "meta": "@covid-19",
        "userDefined": false
      },
      {
        "text": "?",
        "userDefined": false
      }
    ],
    "isTemplate": false,
    "count": 0,
    "updated": 0
  }
]