[
  {
    "id": "b2477fdf-3b61-4994-aee2-ac59ff08bc90",
    "data": [
      {
        "text": "How many cases of covid-19 are there in ",
        "userDefined": false
      },
      {
        "text": "India",
        "alias": "geo-country",
        "meta": "@sys.geo-country",
        "userDefined": true
      },
      {
        "text": "?",
        "userDefined": false
      }
    ],
    "isTemplate": false,
    "count": 0,
    "updated": 0
  },
  {
    "id": "da9d8e55-e266-4813-9052-e99083d9002f",
    "data": [
      {
        "text": "how many infected in ",
        "userDefined": false
      },
      {
        "text": "India",
        "alias": "geo-country",
        "meta": "@sys.geo-country",
        "userDefined": true
      },
      {
        "text": " ?",
        "userDefined": false
      }
    ],
    "isTemplate": false,
    "count": 0,
    "updated": 0
  },
  {
    "id": "60e88fde-2544-45d5-ac72-3b9daf411520",
    "data": [
      {
        "text": "how many infected with ",
        "userDefined": false
      },
      {
        "text": "covid-19",
        "alias": "covid-19",
        "meta": "@covid-19",
        "userDefined": true
      },
      {
        "text": "?",
        "userDefined": false
      }
    ],
    "isTemplate": false,
    "count": 0,
    "updated": 0
  },
  {
    "id": "68a42c85-e4e2-43ae-b4ba-710b9d27d877",
    "data": [
      {
        "text": "how many infected in ",
        "userDefined": false
      },
      {
        "text": "US",
        "alias": "geo-country",
        "meta": "@sys.geo-country",
        "userDefined": false
      },
      {
        "text": " ?",
        "userDefined": false
      }
    ],
    "isTemplate": false,
    "count": 0,
    "updated": 0
  },
  {
    "id": "f8d2f39f-4a32-40bb-9305-1342a0f86774",
    "data": [
      {
        "text": "what\u0027s the status in ",
        "userDefined": false
      },
      {
        "text": "Russia",
        "alias": "geo-country",
        "meta": "@sys.geo-country",
        "userDefined": false
      },
      {
        "text": "?",
        "userDefined": false
      }
    ],
    "isTemplate": false,
    "count": 0,
    "updated": 0
  },
  {
    "id": "1cb809fe-7bf6-49f7-913b-39e76a337492",
    "data": [
      {
        "text": "Harmony incidents have been reported in ",
        "userDefined": false
      },
      {
        "text": "Vatican",
        "alias": "geo-country",
        "meta": "@sys.geo-country",
        "userDefined": false
      },
      {
        "text": " City",
        "userDefined": false
      }
    ],
    "isTemplate": false,
    "count": 0,
    "updated": 0
  },
  {
    "id": "9996ff22-9fd8-4bf5-aa0a-13ea6f9f332e",
    "data": [
      {
        "text": "How many happened in ",
        "userDefined": false
      },
      {
        "text": "Vatican",
        "alias": "geo-country",
        "meta": "@sys.geo-country",
        "userDefined": false
      },
      {
        "text": " City?",
        "userDefined": false
      }
    ],
    "isTemplate": false,
    "count": 0,
    "updated": 0
  },
  {
    "id": "e28dfc0b-3985-4518-b3f0-bd67dfe2e36d",
    "data": [
      {
        "text": "How many incidents are in reported in ",
        "userDefined": false
      },
      {
        "text": "Vatican",
        "alias": "geo-country",
        "meta": "@sys.geo-country",
        "userDefined": false
      },
      {
        "text": " City?",
        "userDefined": false
      }
    ],
    "isTemplate": false,
    "count": 0,
    "updated": 0
  },
  {
    "id": "9f331bf8-f768-44ef-9854-7b629dec73c7",
    "data": [
      {
        "text": "Which countries have the most of cases?",
        "userDefined": false
      }
    ],
    "isTemplate": false,
    "count": 0,
    "updated": 0
  },
  {
    "id": "d5312abe-c424-42c1-abe0-1c3bf07cdea7",
    "data": [
      {
        "text": "Which states have the most ",
        "userDefined": false
      },
      {
        "text": "covid19",
        "alias": "covid-19",
        "meta": "@covid-19",
        "userDefined": false
      },
      {
        "text": " cases?",
        "userDefined": false
      }
    ],
    "isTemplate": false,
    "count": 0,
    "updated": 0
  },
  {
    "id": "9c6cfcdf-5ab6-402c-a6e1-43a87b480bb7",
    "data": [
      {
        "text": "How many cases of covid-19 are there?",
        "userDefined": false
      }
    ],
    "isTemplate": false,
    "count": 0,
    "updated": 0
  },
  {
    "id": "b563a73b-72e4-4d6c-974a-823040636492",
    "data": [
      {
        "text": "How many cases in ",
        "userDefined": false
      },
      {
        "text": "the United States",
        "alias": "geo-country",
        "meta": "@sys.geo-country",
        "userDefined": false
      },
      {
        "text": "?",
        "userDefined": false
      }
    ],
    "isTemplate": false,
    "count": 1,
    "updated": 0
  },
  {
    "id": "d65686ab-36f7-4030-83b9-6b7fe9749d75",
    "data": [
      {
        "text": "infected people in ",
        "userDefined": false
      },
      {
        "text": "india",
        "alias": "geo-country",
        "meta": "@sys.geo-country",
        "userDefined": false
      }
    ],
    "isTemplate": false,
    "count": 0,
    "updated": 0
  },
  {
    "id": "7a904d25-e381-4cf3-a535-e2688ee9bc0b",
    "data": [
      {
        "text": "How is covid situation in ",
        "userDefined": false
      },
      {
        "text": "Italy",
        "alias": "geo-country",
        "meta": "@sys.geo-country",
        "userDefined": false
      }
    ],
    "isTemplate": false,
    "count": 0,
    "updated": 0
  },
  {
    "id": "498c1400-798f-41fc-be4e-9dad4dd240e2",
    "data": [
      {
        "text": "How many cases of covid-19 or Animal Planet, Georgia?",
        "userDefined": false
      }
    ],
    "isTemplate": false,
    "count": 0,
    "updated": 0
  },
  {
    "id": "dcdd360d-0d07-493f-849a-bc9b41bcc70f",
    "data": [
      {
        "text": "How many cases are in Georgia?",
        "userDefined": false
      }
    ],
    "isTemplate": false,
    "count": 0,
    "updated": 0
  },
  {
    "id": "eca9344a-751d-4199-9849-62cca6cffe82",
    "data": [
      {
        "text": "How many incidents are there in California?",
        "userDefined": false
      }
    ],
    "isTemplate": false,
    "count": 0,
    "updated": 0
  },
  {
    "id": "b5b63d58-c7a7-4b18-9722-74f0a86282ac",
    "data": [
      {
        "text": "How many cases of ",
        "userDefined": false
      },
      {
        "text": "coronavirus",
        "alias": "covid-19",
        "meta": "@covid-19",
        "userDefined": false
      },
      {
        "text": " are there in ",
        "userDefined": false
      },
      {
        "text": "Nigeria",
        "alias": "geo-country",
        "meta": "@sys.geo-country",
        "userDefined": false
      },
      {
        "text": "?",
        "userDefined": false
      }
    ],
    "isTemplate": false,
    "count": 0,
    "updated": 0
  },
  {
    "id": "bb468e21-b78f-4b63-bc94-7eec17eddddb",
    "data": [
      {
        "text": "How many people have called ",
        "userDefined": false
      },
      {
        "text": "Corona",
        "alias": "covid-19",
        "meta": "@covid-19",
        "userDefined": false
      },
      {
        "text": " virus in the ",
        "userDefined": false
      },
      {
        "text": "US",
        "alias": "geo-country",
        "meta": "@sys.geo-country",
        "userDefined": false
      },
      {
        "text": "?",
        "userDefined": false
      }
    ],
    "isTemplate": false,
    "count": 0,
    "updated": 0
  },
  {
    "id": "b1f0c8f9-3f73-47d4-8436-cee957fef822",
    "data": [
      {
        "text": "How many cases are in Massachusetts?",
        "userDefined": false
      }
    ],
    "isTemplate": false,
    "count": 0,
    "updated": 0
  },
  {
    "id": "6a4c9ed0-af71-46c6-908d-284c18032a5b",
    "data": [
      {
        "text": "What\u0027s the number of cases in the ",
        "userDefined": false
      },
      {
        "text": "US",
        "alias": "geo-country",
        "meta": "@sys.geo-country",
        "userDefined": false
      },
      {
        "text": "?",
        "userDefined": false
      }
    ],
    "isTemplate": false,
    "count": 0,
    "updated": 0
  },
  {
    "id": "a0346bab-7c48-4ac3-b04f-6480d7ce6914",
    "data": [
      {
        "text": "total number of cases in ",
        "userDefined": false
      },
      {
        "text": "New Zealand",
        "alias": "geo-country",
        "meta": "@sys.geo-country",
        "userDefined": false
      }
    ],
    "isTemplate": false,
    "count": 0,
    "updated": 0
  },
  {
    "id": "41b5d9f8-049a-40a8-888b-f84ebd31525c",
    "data": [
      {
        "text": "total cases of ",
        "userDefined": false
      },
      {
        "text": "coronavirus",
        "alias": "covid-19",
        "meta": "@covid-19",
        "userDefined": false
      },
      {
        "text": " in ",
        "userDefined": false
      },
      {
        "text": "india",
        "alias": "geo-country",
        "meta": "@sys.geo-country",
        "userDefined": false
      }
    ],
    "isTemplate": false,
    "count": 0,
    "updated": 0
  },
  {
    "id": "9aa9c1b8-35e3-4145-9730-db4584febc9a",
    "data": [
      {
        "text": "how many cases are open in ",
        "userDefined": false
      },
      {
        "text": "south africa",
        "alias": "geo-country",
        "meta": "@sys.geo-country",
        "userDefined": false
      }
    ],
    "isTemplate": false,
    "count": 0,
    "updated": 0
  },
  {
    "id": "b7db9860-ceb1-4b1a-8c0a-c721dda8c231",
    "data": [
      {
        "text": "how many cases are open in ",
        "userDefined": false
      },
      {
        "text": "india",
        "alias": "geo-country",
        "meta": "@sys.geo-country",
        "userDefined": false
      }
    ],
    "isTemplate": false,
    "count": 0,
    "updated": 0
  },
  {
    "id": "1ae35388-f9ef-4d37-8e32-b125335b880f",
    "data": [
      {
        "text": "how many cases in ",
        "userDefined": false
      },
      {
        "text": "south africa",
        "alias": "geo-country",
        "meta": "@sys.geo-country",
        "userDefined": false
      }
    ],
    "isTemplate": false,
    "count": 0,
    "updated": 0
  },
  {
    "id": "a5d59bc4-ea2e-4cd5-a0ed-b70de9ab6d37",
    "data": [
      {
        "text": "total cases in ",
        "userDefined": false
      },
      {
        "text": "india",
        "alias": "geo-country",
        "meta": "@sys.geo-country",
        "userDefined": false
      }
    ],
    "isTemplate": false,
    "count": 0,
    "updated": 0
  },
  {
    "id": "5429a8e4-1edd-48dc-a78a-3de113a7b2ad",
    "data": [
      {
        "text": "total cases in ",
        "userDefined": false
      },
      {
        "text": "Jamaica",
        "alias": "geo-country",
        "meta": "@sys.geo-country",
        "userDefined": false
      }
    ],
    "isTemplate": false,
    "count": 0,
    "updated": 0
  },
  {
    "id": "72c0adcd-e4ba-4739-8435-977aaf7349c6",
    "data": [
      {
        "text": "total cases in princeton",
        "userDefined": false
      }
    ],
    "isTemplate": false,
    "count": 0,
    "updated": 0
  },
  {
    "id": "2065892c-67f7-4a0a-8d26-a1033a8d7313",
    "data": [
      {
        "text": "total cases in ",
        "userDefined": false
      },
      {
        "text": "italy",
        "alias": "geo-country",
        "meta": "@sys.geo-country",
        "userDefined": false
      }
    ],
    "isTemplate": false,
    "count": 0,
    "updated": 0
  },
  {
    "id": "91ec7f63-e9e9-4fc5-adc2-d2da5c4bfeaa",
    "data": [
      {
        "text": "total cases",
        "userDefined": false
      }
    ],
    "isTemplate": false,
    "count": 0,
    "updated": 0
  },
  {
    "id": "cd60175e-230f-4beb-9654-331b69bee5df",
    "data": [
      {
        "text": "total cases in ",
        "userDefined": false
      },
      {
        "text": "US",
        "alias": "geo-country",
        "meta": "@sys.geo-country",
        "userDefined": false
      }
    ],
    "isTemplate": false,
    "count": 0,
    "updated": 0
  },
  {
    "id": "b960b1e8-e53d-481d-b2f6-ccd75b52b5b6",
    "data": [
      {
        "text": "How many incidents have been recorded?",
        "userDefined": false
      }
    ],
    "isTemplate": false,
    "count": 0,
    "updated": 0
  },
  {
    "id": "4a9df4df-253f-4dcf-a969-ef26e7070bf5",
    "data": [
      {
        "text": "How many incidents have been reported to?",
        "userDefined": false
      }
    ],
    "isTemplate": false,
    "count": 0,
    "updated": 0
  },
  {
    "id": "84c056ab-b550-4f49-95aa-15cf1d433833",
    "data": [
      {
        "text": "How many incidents have been reported in ",
        "userDefined": false
      },
      {
        "text": "Canada",
        "alias": "geo-country",
        "meta": "@sys.geo-country",
        "userDefined": false
      },
      {
        "text": "?",
        "userDefined": false
      }
    ],
    "isTemplate": false,
    "count": 0,
    "updated": 0
  },
  {
    "id": "9162d370-3273-4d7e-a0f0-319a8dd23d99",
    "data": [
      {
        "text": "How many cases have been reported in the ",
        "userDefined": false
      },
      {
        "text": "Vatican",
        "alias": "geo-country",
        "meta": "@sys.geo-country",
        "userDefined": false
      },
      {
        "text": " City?",
        "userDefined": false
      }
    ],
    "isTemplate": false,
    "count": 0,
    "updated": 0
  },
  {
    "id": "ad362b4e-6197-427f-be2f-643beefa5a9c",
    "data": [
      {
        "text": "infection rate",
        "userDefined": false
      }
    ],
    "isTemplate": false,
    "count": 0,
    "updated": 0
  },
  {
    "id": "ccee24a0-66f5-4175-bdc9-0865ec71f156",
    "data": [
      {
        "text": "Is there ",
        "userDefined": false
      },
      {
        "text": "wuhan virus",
        "alias": "covid-19",
        "meta": "@covid-19",
        "userDefined": false
      },
      {
        "text": " in my neighborhood?",
        "userDefined": false
      }
    ],
    "isTemplate": false,
    "count": 0,
    "updated": 0
  },
  {
    "id": "53e7cd3a-1932-47e6-b5ad-dac178a3cede",
    "data": [
      {
        "text": "how many people are infected?",
        "userDefined": false
      }
    ],
    "isTemplate": false,
    "count": 1,
    "updated": 0
  },
  {
    "id": "3b9e1fb7-8c01-4029-be08-e23be2ef7d5e",
    "data": [
      {
        "text": "how many cases are there globally",
        "userDefined": false
      }
    ],
    "isTemplate": false,
    "count": 0,
    "updated": 0
  },
  {
    "id": "f597a6b1-0d44-4504-8276-831c09631ee7",
    "data": [
      {
        "text": "how many people of affected in ",
        "userDefined": false
      },
      {
        "text": "US",
        "alias": "geo-country",
        "meta": "@sys.geo-country",
        "userDefined": false
      },
      {
        "text": " ?",
        "userDefined": false
      }
    ],
    "isTemplate": false,
    "count": 0,
    "updated": 0
  },
  {
    "id": "972d8f0e-1a20-4076-9bd0-a3393208f77e",
    "data": [
      {
        "text": "how many people are affected in ",
        "userDefined": false
      },
      {
        "text": "India",
        "alias": "geo-country",
        "meta": "@sys.geo-country",
        "userDefined": false
      },
      {
        "text": " ?",
        "userDefined": false
      }
    ],
    "isTemplate": false,
    "count": 0,
    "updated": 0
  },
  {
    "id": "9a306677-2c0f-4a40-b987-14f6604c8b10",
    "data": [
      {
        "text": "What is the status in the state of vermont",
        "userDefined": false
      }
    ],
    "isTemplate": false,
    "count": 0,
    "updated": 0
  },
  {
    "id": "644cddd8-9d2f-4591-98f2-90add24fdc90",
    "data": [
      {
        "text": "how many incidents have been reported in ",
        "userDefined": false
      },
      {
        "text": "Japan",
        "alias": "geo-country",
        "meta": "@sys.geo-country",
        "userDefined": false
      }
    ],
    "isTemplate": false,
    "count": 0,
    "updated": 0
  },
  {
    "id": "f1986728-44f9-4c88-b111-5dea43e8db77",
    "data": [
      {
        "text": "how many cases are there in marin",
        "userDefined": false
      }
    ],
    "isTemplate": false,
    "count": 0,
    "updated": 0
  },
  {
    "id": "677f05fe-a748-4d16-9d2f-29dc4bf62421",
    "data": [
      {
        "text": "how many cases in Austin",
        "userDefined": false
      }
    ],
    "isTemplate": false,
    "count": 0,
    "updated": 0
  },
  {
    "id": "2badf62d-a4ba-4d48-ad2f-2f8f89e4ab92",
    "data": [
      {
        "text": "where is the biggest outbreak",
        "userDefined": false
      }
    ],
    "isTemplate": false,
    "count": 0,
    "updated": 0
  },
  {
    "id": "2ea2ea57-7398-4c46-aaba-267e5bf20349",
    "data": [
      {
        "text": "how many cases of covid are there",
        "userDefined": false
      }
    ],
    "isTemplate": false,
    "count": 0,
    "updated": 0
  },
  {
    "id": "b803b40f-2aba-4199-a521-418b23f07221",
    "data": [
      {
        "text": "what is the infection in my state",
        "userDefined": false
      }
    ],
    "isTemplate": false,
    "count": 0,
    "updated": 0
  },
  {
    "id": "ca726020-8bd7-48c9-927c-b9af038e4655",
    "data": [
      {
        "text": "How many cases are there?",
        "userDefined": false
      }
    ],
    "isTemplate": false,
    "count": 1,
    "updated": 0
  },
  {
    "id": "8da50757-e649-4d54-973f-31e565431f81",
    "data": [
      {
        "text": "how many people are infected in maryland?",
        "userDefined": false
      }
    ],
    "isTemplate": false,
    "count": 0,
    "updated": 0
  },
  {
    "id": "a0de1921-67ec-495a-8dec-b69937ec9ff6",
    "data": [
      {
        "text": "How many cases did California have?",
        "userDefined": false
      }
    ],
    "isTemplate": false,
    "count": 0,
    "updated": 0
  },
  {
    "id": "a7a1d125-b844-4913-a1a4-d0d611e1dad5",
    "data": [
      {
        "text": "How many cases are open in the ",
        "userDefined": false
      },
      {
        "text": "United States",
        "alias": "geo-country",
        "meta": "@sys.geo-country",
        "userDefined": false
      },
      {
        "text": "?",
        "userDefined": false
      }
    ],
    "isTemplate": false,
    "count": 0,
    "updated": 0
  },
  {
    "id": "5cb58bfb-fcdd-4a67-b545-4a9e81e98a35",
    "data": [
      {
        "text": "how many known cases in georgia",
        "userDefined": false
      }
    ],
    "isTemplate": false,
    "count": 0,
    "updated": 0
  },
  {
    "id": "f761876d-a28a-4b72-9871-e8f1fa88aafe",
    "data": [
      {
        "text": "Is ",
        "userDefined": false
      },
      {
        "text": "coronavirus",
        "alias": "covid-19",
        "meta": "@covid-19",
        "userDefined": false
      },
      {
        "text": " spreading in ",
        "userDefined": false
      },
      {
        "text": "California",
        "alias": "geo-state",
        "meta": "@sys.geo-state",
        "userDefined": false
      },
      {
        "text": "?",
        "userDefined": false
      }
    ],
    "isTemplate": false,
    "count": 1,
    "updated": 0
  },
  {
    "id": "8378bf46-740f-4608-ba83-098a3ac78d52",
    "data": [
      {
        "text": "Where is the outbreak the worst?",
        "userDefined": false
      }
    ],
    "isTemplate": false,
    "count": 0,
    "updated": 0
  },
  {
    "id": "887f50ec-0afc-40de-8e96-3c084504d32b",
    "data": [
      {
        "text": "What are the latest statistics for ",
        "userDefined": false
      },
      {
        "text": "Singapore",
        "alias": "geo-country",
        "meta": "@sys.geo-country",
        "userDefined": false
      },
      {
        "text": "?",
        "userDefined": false
      }
    ],
    "isTemplate": false,
    "count": 0,
    "updated": 0
  },
  {
    "id": "1ab5b311-d82f-402f-9951-d6e5eb20615c",
    "data": [
      {
        "text": "how many people in the state of new york have the virus?",
        "userDefined": false
      }
    ],
    "isTemplate": false,
    "count": 0,
    "updated": 0
  },
  {
    "id": "d9852f79-afa6-471a-96e9-5617e62a7ec8",
    "data": [
      {
        "text": "statistics",
        "userDefined": false
      }
    ],
    "isTemplate": false,
    "count": 0,
    "updated": 0
  },
  {
    "id": "b4259e0f-0ffe-4c57-9334-3e8a2a4ee6d1",
    "data": [
      {
        "text": "How many cases are in ",
        "userDefined": false
      },
      {
        "text": "singapore",
        "alias": "geo-country",
        "meta": "@sys.geo-country",
        "userDefined": false
      },
      {
        "text": "?",
        "userDefined": false
      }
    ],
    "isTemplate": false,
    "count": 0,
    "updated": 0
  },
  {
    "id": "0ced7130-c038-4400-8881-69181769cab1",
    "data": [
      {
        "text": "Which area has the highest covid",
        "userDefined": false
      }
    ],
    "isTemplate": false,
    "count": 0,
    "updated": 0
  },
  {
    "id": "3feec1a0-f0f6-4d9c-b02c-8b7e01035e4c",
    "data": [
      {
        "text": "Which area has covid",
        "userDefined": false
      },
      {
        "text": "19",
        "alias": "number",
        "meta": "@sys.number",
        "userDefined": false
      },
      {
        "text": " infection?",
        "userDefined": false
      }
    ],
    "isTemplate": false,
    "count": 0,
    "updated": 0
  },
  {
    "id": "9d613e86-0334-45c2-8310-9b6f219c8d80",
    "data": [
      {
        "text": "How many people are infected?",
        "userDefined": false
      }
    ],
    "isTemplate": false,
    "count": 0,
    "updated": 0
  },
  {
    "id": "8bc5acce-bb76-4bba-b34d-032427f696c7",
    "data": [
      {
        "text": "how many new cases today",
        "userDefined": false
      }
    ],
    "isTemplate": false,
    "count": 0,
    "updated": 0
  },
  {
    "id": "b46a97c8-36b7-4fa1-afb3-4dce86ea7744",
    "data": [
      {
        "text": "singapore",
        "alias": "geo-country",
        "meta": "@sys.geo-country",
        "userDefined": false
      },
      {
        "text": " cases",
        "userDefined": false
      }
    ],
    "isTemplate": false,
    "count": 0,
    "updated": 0
  },
  {
    "id": "9faa9f12-69ca-42dc-aa20-9c62e0320aae",
    "data": [
      {
        "text": "Latest cases in ",
        "userDefined": false
      },
      {
        "text": "china",
        "alias": "geo-country",
        "meta": "@sys.geo-country",
        "userDefined": false
      }
    ],
    "isTemplate": false,
    "count": 0,
    "updated": 0
  },
  {
    "id": "13999204-38db-408f-a49c-029d3ef5497f",
    "data": [
      {
        "text": "Cases reported in last 6 hours",
        "userDefined": false
      }
    ],
    "isTemplate": false,
    "count": 0,
    "updated": 0
  },
  {
    "id": "907e05fc-5440-46f9-b6d2-a7acda473c4e",
    "data": [
      {
        "text": "Cases reported in last 24 hours",
        "userDefined": false
      }
    ],
    "isTemplate": false,
    "count": 0,
    "updated": 0
  },
  {
    "id": "22e64ed2-5984-4338-8345-4fa2654a877a",
    "data": [
      {
        "text": "which are the states with highest cases reported",
        "userDefined": false
      }
    ],
    "isTemplate": false,
    "count": 0,
    "updated": 0
  },
  {
    "id": "6e4221f8-5981-4cb4-b871-05ca13eab8d5",
    "data": [
      {
        "text": "what is the total number of cases in ",
        "userDefined": false
      },
      {
        "text": "US",
        "alias": "geo-country",
        "meta": "@sys.geo-country",
        "userDefined": false
      }
    ],
    "isTemplate": false,
    "count": 0,
    "updated": 0
  },
  {
    "id": "a40f654f-5768-4da9-8600-83b9c0ba3f1e",
    "data": [
      {
        "text": "Is ",
        "userDefined": false
      },
      {
        "text": "coronavirus",
        "alias": "covid-19",
        "meta": "@covid-19",
        "userDefined": false
      },
      {
        "text": " spreading in ",
        "userDefined": false
      },
      {
        "text": "California",
        "alias": "geo-state",
        "meta": "@sys.geo-state",
        "userDefined": false
      }
    ],
    "isTemplate": false,
    "count": 0,
    "updated": 0
  },
  {
    "id": "4aa1a1c8-de62-4dc5-84a3-1994115fe8a9",
    "data": [
      {
        "text": "How many people has been effective in my area?",
        "userDefined": false
      }
    ],
    "isTemplate": false,
    "count": 0,
    "updated": 0
  },
  {
    "id": "17fcd473-c07d-4a96-8132-b25b7854f0eb",
    "data": [
      {
        "text": "How many people have been infected in my area?",
        "userDefined": false
      }
    ],
    "isTemplate": false,
    "count": 0,
    "updated": 0
  },
  {
    "id": "09d08d5a-b48e-4348-bb10-10ffc2eec856",
    "data": [
      {
        "text": "What\u0027s the estimated number of people infected with the covid-19?",
        "userDefined": false
      }
    ],
    "isTemplate": false,
    "count": 0,
    "updated": 0
  },
  {
    "id": "e9d4ffc6-3d3e-4615-8719-3f9313a25daf",
    "data": [
      {
        "text": "how many people in Indiana have been confirmed?",
        "userDefined": false
      }
    ],
    "isTemplate": false,
    "count": 0,
    "updated": 0
  },
  {
    "id": "db97e59b-03cf-4df7-8d20-03feb4a9fd66",
    "data": [
      {
        "text": "how many cases in indiana have been confirmed?",
        "userDefined": false
      }
    ],
    "isTemplate": false,
    "count": 0,
    "updated": 0
  },
  {
    "id": "4b27dfaa-3a7d-4fb8-8bc5-26093eff8793",
    "data": [
      {
        "text": "How many confirmed cases have been found in ",
        "userDefined": false
      },
      {
        "text": "Canada",
        "alias": "geo-country",
        "meta": "@sys.geo-country",
        "userDefined": false
      },
      {
        "text": "?",
        "userDefined": false
      }
    ],
    "isTemplate": false,
    "count": 1,
    "updated": 0
  },
  {
    "id": "d4d6be89-fe6e-4d26-ad42-b464a32b5131",
    "data": [
      {
        "text": "what\u0027s the current number of cases in california",
        "userDefined": false
      }
    ],
    "isTemplate": false,
    "count": 0,
    "updated": 0
  },
  {
    "id": "38c24d32-708c-4b6e-92e7-23858fdbb9d7",
    "data": [
      {
        "text": "How many people in the ",
        "userDefined": false
      },
      {
        "text": "United States",
        "alias": "geo-country",
        "meta": "@sys.geo-country",
        "userDefined": false
      },
      {
        "text": " a tested positive for covid-19?",
        "userDefined": false
      }
    ],
    "isTemplate": false,
    "count": 0,
    "updated": 0
  },
  {
    "id": "3d665cc6-c926-406f-a321-a3cb4aba2d06",
    "data": [
      {
        "text": "How many people have covid-19?",
        "userDefined": false
      }
    ],
    "isTemplate": false,
    "count": 0,
    "updated": 0
  },
  {
    "id": "f762d1cd-1d22-4fa2-a6d7-02026f4c3ea1",
    "data": [
      {
        "text": "How many people are effective ",
        "userDefined": false
      },
      {
        "text": "today",
        "alias": "date-time",
        "meta": "@sys.date-time",
        "userDefined": false
      },
      {
        "text": "?",
        "userDefined": false
      }
    ],
    "isTemplate": false,
    "count": 0,
    "updated": 0
  },
  {
    "id": "b0f5d853-43a9-41c9-a3aa-4ba5416d7bf9",
    "data": [
      {
        "text": "How many people are affected by the ",
        "userDefined": false
      },
      {
        "text": "Coronavirus",
        "alias": "covid-19",
        "meta": "@covid-19",
        "userDefined": false
      },
      {
        "text": "?",
        "userDefined": false
      }
    ],
    "isTemplate": false,
    "count": 0,
    "updated": 0
  },
  {
    "id": "d2c38395-9989-41af-b203-566c7413c44c",
    "data": [
      {
        "text": "How many people have caught the ",
        "userDefined": false
      },
      {
        "text": "Coronavirus",
        "alias": "covid-19",
        "meta": "@covid-19",
        "userDefined": false
      },
      {
        "text": "?",
        "userDefined": false
      }
    ],
    "isTemplate": false,
    "count": 0,
    "updated": 0
  },
  {
    "id": "07829157-ec9b-4ec7-8592-c46971f28f47",
    "data": [
      {
        "text": "How many cases are there in ",
        "userDefined": false
      },
      {
        "text": "San Francisco",
        "alias": "geo-city",
        "userDefined": false
      },
      {
        "text": "?",
        "userDefined": false
      }
    ],
    "isTemplate": false,
    "count": 0,
    "updated": 0
  },
  {
    "id": "f410d9fe-71dd-4a92-9fc2-96beb9f04895",
    "data": [
      {
        "text": "How many cases are in Michigan?",
        "userDefined": false
      }
    ],
    "isTemplate": false,
    "count": 0,
    "updated": 0
  },
  {
    "id": "be451882-78cb-4be5-a97b-c3982a1edc2a",
    "data": [
      {
        "text": "Positive cases I\u0027m ",
        "userDefined": false
      },
      {
        "text": "US",
        "alias": "geo-country",
        "meta": "@sys.geo-country",
        "userDefined": false
      },
      {
        "text": " today",
        "userDefined": false
      }
    ],
    "isTemplate": false,
    "count": 0,
    "updated": 0
  },
  {
    "id": "2305396c-bdec-4835-8d9f-9f6f4d53190e",
    "data": [
      {
        "text": "How many people infected in ",
        "userDefined": false
      },
      {
        "text": "Seattle",
        "alias": "geo-city",
        "meta": "@sys.geo-city",
        "userDefined": false
      },
      {
        "text": "?",
        "userDefined": false
      }
    ],
    "isTemplate": false,
    "count": 0,
    "updated": 0
  },
  {
    "id": "c20b0118-bb57-4783-921d-c8bc558826ed",
    "data": [
      {
        "text": "How many confirmed cases in ",
        "userDefined": false
      },
      {
        "text": "Seattle",
        "alias": "geo-city",
        "meta": "@sys.geo-city",
        "userDefined": false
      },
      {
        "text": "?",
        "userDefined": false
      }
    ],
    "isTemplate": false,
    "count": 0,
    "updated": 0
  },
  {
    "id": "2f30e92b-d551-40b5-9221-18b74d7bc109",
    "data": [
      {
        "text": "How many cases are there in Texas?",
        "userDefined": false
      }
    ],
    "isTemplate": false,
    "count": 0,
    "updated": 0
  },
  {
    "id": "ceaa6f3b-d8c8-4781-8707-e403efad9c00",
    "data": [
      {
        "text": "How many ",
        "userDefined": false
      },
      {
        "text": "Americans",
        "alias": "geo-country",
        "meta": "@sys.geo-country",
        "userDefined": false
      },
      {
        "text": " are infected?",
        "userDefined": false
      }
    ],
    "isTemplate": false,
    "count": 0,
    "updated": 0
  },
  {
    "id": "611af215-a677-42b7-8c3a-423b31dbd67c",
    "data": [
      {
        "text": "how many confirmed cases in the ",
        "userDefined": false
      },
      {
        "text": "US",
        "alias": "geo-country",
        "meta": "@sys.geo-country",
        "userDefined": false
      },
      {
        "text": "?",
        "userDefined": false
      }
    ],
    "isTemplate": false,
    "count": 0,
    "updated": 0
  },
  {
    "id": "2eeab622-2b49-4c9d-b0e5-f9a9772a4a26",
    "data": [
      {
        "text": "How many rivets of cases do to do we see?",
        "userDefined": false
      }
    ],
    "isTemplate": false,
    "count": 1,
    "updated": 0
  },
  {
    "id": "c0b4b21d-e6a2-4e23-bafd-7c1957e19bda",
    "data": [
      {
        "text": "Can you give me the latest numbers?",
        "userDefined": false
      }
    ],
    "isTemplate": false,
    "count": 0,
    "updated": 0
  },
  {
    "id": "d6195628-3047-4752-b38f-b3be976f0714",
    "data": [
      {
        "text": "What is the number of ",
        "userDefined": false
      },
      {
        "text": "coronavirus",
        "alias": "covid-19",
        "meta": "@covid-19",
        "userDefined": false
      },
      {
        "text": " cases in Alameda?",
        "userDefined": false
      }
    ],
    "isTemplate": false,
    "count": 0,
    "updated": 0
  },
  {
    "id": "1362603e-812c-4125-a1d0-953f7955da65",
    "data": [
      {
        "text": "Just how many people are infected with ",
        "userDefined": false
      },
      {
        "text": "Coronavirus",
        "alias": "covid-19",
        "meta": "@covid-19",
        "userDefined": false
      },
      {
        "text": "?",
        "userDefined": false
      }
    ],
    "isTemplate": false,
    "count": 0,
    "updated": 0
  },
  {
    "id": "477552b4-c1d4-42bd-a9cb-48cb5939da0a",
    "data": [
      {
        "text": "what\u0027s the number of confirmed cases in ",
        "userDefined": false
      },
      {
        "text": "Canada",
        "alias": "geo-country",
        "meta": "@sys.geo-country",
        "userDefined": false
      },
      {
        "text": "?",
        "userDefined": false
      }
    ],
    "isTemplate": false,
    "count": 0,
    "updated": 0
  },
  {
    "id": "6434e2d5-7591-4f52-b9fd-90b4a36a7fd8",
    "data": [
      {
        "text": "how many cases of ",
        "userDefined": false
      },
      {
        "text": "coronavirus",
        "alias": "covid-19",
        "meta": "@covid-19",
        "userDefined": false
      },
      {
        "text": " in the ",
        "userDefined": false
      },
      {
        "text": "US",
        "alias": "geo-country",
        "meta": "@sys.geo-country",
        "userDefined": false
      },
      {
        "text": "?",
        "userDefined": false
      }
    ],
    "isTemplate": false,
    "count": 0,
    "updated": 0
  },
  {
    "id": "9f5c2137-c03c-4bc1-8c11-3e6446a3b5d9",
    "data": [
      {
        "text": "what\u0027s the total number of people who has ",
        "userDefined": false
      },
      {
        "text": "coronavirus",
        "alias": "covid-19",
        "meta": "@covid-19",
        "userDefined": false
      },
      {
        "text": "?",
        "userDefined": false
      }
    ],
    "isTemplate": false,
    "count": 0,
    "updated": 0
  },
  {
    "id": "d4951bc4-2227-40f4-95f4-940ff16d17ff",
    "data": [
      {
        "text": "number of cases of ",
        "userDefined": false
      },
      {
        "text": "coronavirus",
        "alias": "covid-19",
        "meta": "@covid-19",
        "userDefined": false
      },
      {
        "text": " diagnosed",
        "userDefined": false
      }
    ],
    "isTemplate": false,
    "count": 0,
    "updated": 0
  },
  {
    "id": "8d879177-568b-420a-b73c-210a84e833b4",
    "data": [
      {
        "text": "How many cases are there in my area?",
        "userDefined": false
      }
    ],
    "isTemplate": false,
    "count": 0,
    "updated": 0
  },
  {
    "id": "86abfac4-c3a5-468b-97b7-32e38f352ac3",
    "data": [
      {
        "text": "number of people who caught the disease",
        "userDefined": false
      }
    ],
    "isTemplate": false,
    "count": 0,
    "updated": 0
  },
  {
    "id": "5273133a-f432-4626-9e15-ab59b294a3f8",
    "data": [
      {
        "text": "total number of confirmed cases",
        "userDefined": false
      }
    ],
    "isTemplate": false,
    "count": 0,
    "updated": 0
  },
  {
    "id": "297a8f88-3981-4a4b-9746-c6407d5f5ac2",
    "data": [
      {
        "text": "just how many people are infected with ",
        "userDefined": false
      },
      {
        "text": "coronavirus",
        "alias": "covid-19",
        "meta": "@covid-19",
        "userDefined": false
      },
      {
        "text": "?",
        "userDefined": false
      }
    ],
    "isTemplate": false,
    "count": 0,
    "updated": 0
  },
  {
    "id": "fc5c8420-15d6-4a80-9249-9b8d62ea52e8",
    "data": [
      {
        "text": "How many people have caught ",
        "userDefined": false
      },
      {
        "text": "coronavirus",
        "alias": "covid-19",
        "meta": "@covid-19",
        "userDefined": false
      },
      {
        "text": "?",
        "userDefined": false
      }
    ],
    "isTemplate": false,
    "count": 0,
    "updated": 0
  }
]