[
  {
    "id": "ea76d226-3027-4c09-b074-69183fed8982",
    "data": [
      {
        "text": "Can COVID-19 spread from food?",
        "userDefined": false
      }
    ],
    "isTemplate": false,
    "count": 0,
    "updated": 0
  },
  {
    "id": "1ce81c06-dae1-4196-96e9-0ba9c629f99d",
    "data": [
      {
        "text": "Do ",
        "userDefined": false
      },
      {
        "text": "food",
        "alias": "surface",
        "meta": "@surface",
        "userDefined": false
      },
      {
        "text": " deliveries spread ",
        "userDefined": false
      },
      {
        "text": "COVID-19",
        "alias": "covid-19",
        "meta": "@covid-19",
        "userDefined": false
      },
      {
        "text": "?",
        "userDefined": false
      }
    ],
    "isTemplate": false,
    "count": 0,
    "updated": 0
  },
  {
    "id": "5396a489-26d9-400a-80b6-863951f41dbf",
    "data": [
      {
        "text": "Can ",
        "userDefined": false
      },
      {
        "text": "COVID",
        "alias": "covid-19",
        "meta": "@covid-19",
        "userDefined": false
      },
      {
        "text": " spread through takeout?",
        "userDefined": false
      }
    ],
    "isTemplate": false,
    "count": 0,
    "updated": 0
  },
  {
    "id": "52aa1c66-2e93-40e2-b194-3ba1b167e490",
    "data": [
      {
        "text": "Can the ",
        "userDefined": false
      },
      {
        "text": "virus",
        "alias": "covid-19",
        "meta": "@covid-19",
        "userDefined": false
      },
      {
        "text": " that causes ",
        "userDefined": false
      },
      {
        "text": "COVID-19",
        "alias": "covid-191",
        "meta": "@covid-19",
        "userDefined": false
      },
      {
        "text": " be spread through ",
        "userDefined": false
      },
      {
        "text": "food",
        "alias": "surface",
        "meta": "@surface",
        "userDefined": false
      },
      {
        "text": ", including restaurant take out, refrigerated or frozen packaged ",
        "userDefined": false
      },
      {
        "text": "food",
        "alias": "surface1",
        "meta": "@surface",
        "userDefined": false
      },
      {
        "text": "?",
        "userDefined": false
      }
    ],
    "isTemplate": false,
    "count": 0,
    "updated": 0
  }
]