[
  {
    "id": "07af3774-11b1-4619-b14e-5e94d757453e",
    "data": [
      {
        "text": "wuhan",
        "userDefined": false
      }
    ],
    "isTemplate": false,
    "count": 0,
    "updated": 0
  },
  {
    "id": "32470c06-d470-4e44-a8cb-180a9cb3ffc3",
    "data": [
      {
        "text": "wuhanvirus",
        "userDefined": false
      }
    ],
    "isTemplate": false,
    "count": 0,
    "updated": 0
  },
  {
    "id": "4de8816e-5d22-4152-94b2-3bfc44bf3e32",
    "data": [
      {
        "text": "what is wuhan virus",
        "userDefined": false
      }
    ],
    "isTemplate": false,
    "count": 0,
    "updated": 0
  },
  {
    "id": "59cf2550-cb9b-4b63-b673-eeeffe8f0e14",
    "data": [
      {
        "text": "what is wuhanvirus",
        "userDefined": false
      }
    ],
    "isTemplate": false,
    "count": 0,
    "updated": 0
  },
  {
    "id": "adff4223-932f-4787-b963-cf59d14a5efe",
    "data": [
      {
        "text": "Why is the disease being called COVID-19?",
        "userDefined": false
      }
    ],
    "isTemplate": false,
    "count": 0,
    "updated": 0
  },
  {
    "id": "445e3eaf-8b19-4dc2-a6be-6bb87a176f4d",
    "data": [
      {
        "text": "what is the chinese ",
        "userDefined": false
      },
      {
        "text": "virus",
        "meta": "@sys.ignore",
        "userDefined": false
      },
      {
        "text": "?",
        "userDefined": false
      }
    ],
    "isTemplate": false,
    "count": 0,
    "updated": 0
  },
  {
    "id": "b57c6934-f1b8-470e-a369-c6fd85e32c53",
    "data": [
      {
        "text": "what is the chinese flu?",
        "userDefined": false
      }
    ],
    "isTemplate": false,
    "count": 0,
    "updated": 0
  },
  {
    "id": "eb0434aa-6220-4e0b-8dbb-455eb56eedc1",
    "data": [
      {
        "text": "what is the ",
        "userDefined": false
      },
      {
        "text": "wuhan virus",
        "meta": "@sys.ignore",
        "userDefined": false
      },
      {
        "text": "?",
        "userDefined": false
      }
    ],
    "isTemplate": false,
    "count": 0,
    "updated": 0
  },
  {
    "id": "e66f6ba1-ac8f-4ff8-b6c8-09f374ba6bfb",
    "data": [
      {
        "text": "what is the ",
        "userDefined": false
      },
      {
        "text": "wuhan",
        "meta": "@sys.ignore",
        "userDefined": false
      },
      {
        "text": " disease?",
        "userDefined": false
      }
    ],
    "isTemplate": false,
    "count": 0,
    "updated": 0
  },
  {
    "id": "b1a60aee-8a75-4042-90d3-3855c2cd8c1e",
    "data": [
      {
        "text": "china",
        "meta": "@sys.ignore",
        "userDefined": false
      },
      {
        "text": " ",
        "userDefined": false
      },
      {
        "text": "virus",
        "meta": "@sys.ignore",
        "userDefined": false
      }
    ],
    "isTemplate": false,
    "count": 0,
    "updated": 0
  },
  {
    "id": "199c38a2-b99a-439d-ae18-97e7a2c5727d",
    "data": [
      {
        "text": "wuhan virus",
        "meta": "@sys.ignore",
        "userDefined": false
      }
    ],
    "isTemplate": false,
    "count": 0,
    "updated": 0
  },
  {
    "id": "29931b0e-50a0-48f3-b49f-4e77bdb67e17",
    "data": [
      {
        "text": "china flu",
        "userDefined": false
      }
    ],
    "isTemplate": false,
    "count": 0,
    "updated": 0
  },
  {
    "id": "d399c732-2f9f-437d-a4a2-4c2e90a60d94",
    "data": [
      {
        "text": "chinese ",
        "userDefined": false
      },
      {
        "text": "virus",
        "meta": "@sys.ignore",
        "userDefined": false
      }
    ],
    "isTemplate": false,
    "count": 0,
    "updated": 0
  }
]