[
  {
    "id": "eb84038a-f93c-41cf-8253-188fe2d947de",
    "data": [
      {
        "text": "Wash hands",
        "userDefined": false
      }
    ],
    "isTemplate": false,
    "count": 0,
    "updated": 0
  },
  {
    "id": "2f49f9f8-aa7a-4121-b30c-89af00ad3d0e",
    "data": [
      {
        "text": "How often should I wash my hands?",
        "userDefined": false
      }
    ],
    "isTemplate": false,
    "count": 0,
    "updated": 0
  },
  {
    "id": "352aba7f-431f-4989-8853-99d264ad1a5c",
    "data": [
      {
        "text": "how to clean my hands to protect myself from getting the virus",
        "userDefined": false
      }
    ],
    "isTemplate": false,
    "count": 0,
    "updated": 0
  },
  {
    "id": "63f2100e-3f2a-466d-a878-54a72cd66fbe",
    "data": [
      {
        "text": "How can I wash my hands?",
        "userDefined": false
      }
    ],
    "isTemplate": false,
    "count": 0,
    "updated": 0
  },
  {
    "id": "85627c8c-d957-4474-9d52-a8917c55bdf1",
    "data": [
      {
        "text": "Can you give me tips on washing hands?",
        "userDefined": false
      }
    ],
    "isTemplate": false,
    "count": 0,
    "updated": 0
  },
  {
    "id": "1818c254-80c3-4410-b28d-b620b2550137",
    "data": [
      {
        "text": "is it really that important to wash hands",
        "userDefined": false
      }
    ],
    "isTemplate": false,
    "count": 0,
    "updated": 0
  },
  {
    "id": "39a9f3a3-c4a0-44e8-b656-8b2b55931b85",
    "data": [
      {
        "text": "how often should you wash your hands?",
        "userDefined": false
      }
    ],
    "isTemplate": false,
    "count": 0,
    "updated": 0
  },
  {
    "id": "9bbb95e3-8f97-46f3-982e-89e9b5bea3ae",
    "data": [
      {
        "text": "why so important to clean hands",
        "userDefined": false
      }
    ],
    "isTemplate": false,
    "count": 0,
    "updated": 0
  },
  {
    "id": "ee58ccb3-17bb-4b5a-8aeb-9d33a0afca59",
    "data": [
      {
        "text": "advice for wash hands",
        "userDefined": false
      }
    ],
    "isTemplate": false,
    "count": 0,
    "updated": 0
  },
  {
    "id": "2b6a7eea-fe77-4952-8d00-961f6bdd59b5",
    "data": [
      {
        "text": "how to wash your hands correctly to limit spread of disease",
        "userDefined": false
      }
    ],
    "isTemplate": false,
    "count": 0,
    "updated": 0
  },
  {
    "id": "d4ccea4b-53d4-4d41-94bd-1e94f2906ec4",
    "data": [
      {
        "text": "why hand washing matters?",
        "userDefined": false
      }
    ],
    "isTemplate": false,
    "count": 0,
    "updated": 0
  },
  {
    "id": "1b46f264-d003-4520-a062-8648129938bf",
    "data": [
      {
        "text": "how long do i need to wash my hands?",
        "userDefined": false
      }
    ],
    "isTemplate": false,
    "count": 0,
    "updated": 0
  },
  {
    "id": "0206360d-ec6e-4cc7-81c1-6bd8968d56d3",
    "data": [
      {
        "text": "proper hand wash fights coronavirus",
        "userDefined": false
      }
    ],
    "isTemplate": false,
    "count": 0,
    "updated": 0
  },
  {
    "id": "8cbb4f23-135c-4a8f-b3ba-0baefe506629",
    "data": [
      {
        "text": "can the coronavirus be killed by washing hands?",
        "userDefined": false
      }
    ],
    "isTemplate": false,
    "count": 0,
    "updated": 0
  },
  {
    "id": "7b2a319e-1680-4c7a-9a39-d8fdb40d7db5",
    "data": [
      {
        "text": "can a thorough hand wash prevent disease?",
        "userDefined": false
      }
    ],
    "isTemplate": false,
    "count": 0,
    "updated": 0
  },
  {
    "id": "ca0d39b1-fcd6-42e4-aa89-233287f89607",
    "data": [
      {
        "text": "Is soap better than hand sanitizer to prevent infection?",
        "userDefined": false
      }
    ],
    "isTemplate": false,
    "count": 0,
    "updated": 0
  },
  {
    "id": "41d1f05d-b089-4393-b58f-ea29b365088e",
    "data": [
      {
        "text": "hand washing tips",
        "userDefined": false
      }
    ],
    "isTemplate": false,
    "count": 0,
    "updated": 0
  },
  {
    "id": "a2f40406-9f8f-4df8-9c83-a0e7c72daf15",
    "data": [
      {
        "text": "how to clean your hands to protect against coronavirus",
        "userDefined": false
      }
    ],
    "isTemplate": false,
    "count": 0,
    "updated": 0
  },
  {
    "id": "5c32b8ca-1a11-4f77-921e-1bdc67a3dc61",
    "data": [
      {
        "text": "what are the proper steps of washing hands?",
        "userDefined": false
      }
    ],
    "isTemplate": false,
    "count": 0,
    "updated": 0
  },
  {
    "id": "8de00fc3-56ad-49aa-a676-f7bf899553ac",
    "data": [
      {
        "text": "what do i need to know about washing my hands effectively?",
        "userDefined": false
      }
    ],
    "isTemplate": false,
    "count": 0,
    "updated": 0
  }
]