[
  {
    "id": "7e290d11-79ce-4381-a80b-2086613165f7",
    "data": [
      {
        "text": "what can I do to help others during this difficult time?",
        "userDefined": false
      }
    ],
    "isTemplate": false,
    "count": 1,
    "updated": 0
  },
  {
    "id": "d4946581-f5f6-471f-828d-848025320c34",
    "data": [
      {
        "text": "How can I be a volunteer in this?",
        "userDefined": false
      }
    ],
    "isTemplate": false,
    "count": 0,
    "updated": 0
  },
  {
    "id": "b68e64ca-d145-449c-8eb6-a3861a3985af",
    "data": [
      {
        "text": "how can I help community",
        "userDefined": false
      }
    ],
    "isTemplate": false,
    "count": 0,
    "updated": 0
  },
  {
    "id": "c4096e30-95fb-4e48-9480-3005dbc3c4a5",
    "data": [
      {
        "text": "how can I help?",
        "userDefined": false
      }
    ],
    "isTemplate": false,
    "count": 0,
    "updated": 0
  },
  {
    "id": "849a67d1-ea81-4b0a-bf48-4999d2ea48a8",
    "data": [
      {
        "text": "I want to donate money to people in need",
        "userDefined": false
      }
    ],
    "isTemplate": false,
    "count": 0,
    "updated": 0
  },
  {
    "id": "13ecf2d8-d6c9-43ef-8efd-7c33bb10b232",
    "data": [
      {
        "text": "I want to help other people during this difficult time",
        "userDefined": false
      }
    ],
    "isTemplate": false,
    "count": 0,
    "updated": 0
  },
  {
    "id": "6157987e-ed22-433e-b054-381f4e46b644",
    "data": [
      {
        "text": "how can I help others",
        "userDefined": false
      }
    ],
    "isTemplate": false,
    "count": 0,
    "updated": 0
  },
  {
    "id": "b379698d-62b8-41aa-9b9e-9c24477aa4a3",
    "data": [
      {
        "text": "I want to volunteer",
        "userDefined": false
      }
    ],
    "isTemplate": false,
    "count": 0,
    "updated": 0
  },
  {
    "id": "98cc316a-9cb6-44f0-8484-9e5764ba9c1a",
    "data": [
      {
        "text": "Can I do anything to help others in need",
        "userDefined": false
      }
    ],
    "isTemplate": false,
    "count": 0,
    "updated": 0
  },
  {
    "id": "f9c65747-7bf8-425a-a3ff-f762065224a7",
    "data": [
      {
        "text": "How can I help other people in need?",
        "userDefined": false
      }
    ],
    "isTemplate": false,
    "count": 0,
    "updated": 0
  },
  {
    "id": "d8d04729-1c2e-44a8-ba7d-15f6a71360da",
    "data": [
      {
        "text": "How can I help other people?",
        "userDefined": false
      }
    ],
    "isTemplate": false,
    "count": 0,
    "updated": 0
  },
  {
    "id": "53f89f4b-8bd3-4d49-9e57-24b8b7a82410",
    "data": [
      {
        "text": "What can I do to help?",
        "userDefined": false
      }
    ],
    "isTemplate": false,
    "count": 0,
    "updated": 0
  }
]