[
  {
    "id": "2911c832-861a-4a37-a173-5c920ecf9402",
    "data": [
      {
        "text": "Will I be immune when I get better?",
        "userDefined": false
      }
    ],
    "isTemplate": false,
    "count": 0,
    "updated": 0
  },
  {
    "id": "49c33645-9ba4-40b1-a932-c852a194c016",
    "data": [
      {
        "text": "How long will I be immune after recovering?",
        "userDefined": false
      }
    ],
    "isTemplate": false,
    "count": 0,
    "updated": 0
  },
  {
    "id": "c08aa8fe-2f2c-4c10-902b-5bea2833789d",
    "data": [
      {
        "text": "Can you catch ",
        "userDefined": false
      },
      {
        "text": "COVID",
        "alias": "covid-19",
        "meta": "@covid-19",
        "userDefined": false
      },
      {
        "text": " again?",
        "userDefined": false
      }
    ],
    "isTemplate": false,
    "count": 0,
    "updated": 0
  },
  {
    "id": "79a464a5-e473-49da-b2d1-1ef6464fdd05",
    "data": [
      {
        "text": "If I have recovered from ",
        "userDefined": false
      },
      {
        "text": "COVID-19",
        "alias": "covid-19",
        "meta": "@covid-19",
        "userDefined": false
      },
      {
        "text": ", will I be immune to it?",
        "userDefined": false
      }
    ],
    "isTemplate": false,
    "count": 0,
    "updated": 0
  },
  {
    "id": "d53b9a6a-df0c-49ea-a402-51a0c5f8baa2",
    "data": [
      {
        "text": "Can you be immune to ",
        "userDefined": false
      },
      {
        "text": "coronavirus",
        "alias": "covid-19",
        "meta": "@covid-19",
        "userDefined": false
      },
      {
        "text": "?",
        "userDefined": false
      }
    ],
    "isTemplate": false,
    "count": 0,
    "updated": 0
  }
]