[
  {
    "id": "c765a8e2-44c4-482c-9820-23d7a60e7e1d",
    "data": [
      {
        "text": "Should my child wear a mask?",
        "userDefined": false
      }
    ],
    "isTemplate": false,
    "count": 0,
    "updated": 0
  },
  {
    "id": "de40381f-17fc-42d8-a41e-ad2763546670",
    "data": [
      {
        "text": "Children masks",
        "userDefined": false
      }
    ],
    "isTemplate": false,
    "count": 0,
    "updated": 0
  },
  {
    "id": "d5faa4dc-c248-4b43-bc41-a884bb3f43fa",
    "data": [
      {
        "text": "Masks and kids",
        "userDefined": false
      }
    ],
    "isTemplate": false,
    "count": 0,
    "updated": 0
  },
  {
    "id": "2c99d403-e147-45d6-8fe4-a441041a8d2b",
    "data": [
      {
        "text": "Can kids wear masks?",
        "userDefined": false
      }
    ],
    "isTemplate": false,
    "count": 0,
    "updated": 0
  },
  {
    "id": "14e0ac00-fd7a-4a8c-be30-99944a43dc4f",
    "data": [
      {
        "text": "Should children wear masks?",
        "userDefined": false
      }
    ],
    "isTemplate": false,
    "count": 0,
    "updated": 0
  }
]