[
  {
    "id": "383764ac-cdbd-4690-8c8b-dc54e3009b3a",
    "data": [
      {
        "text": "Someone in my house has ",
        "userDefined": false
      },
      {
        "text": "coronavirus",
        "alias": "covid-19",
        "meta": "@covid-19",
        "userDefined": false
      }
    ],
    "isTemplate": false,
    "count": 0,
    "updated": 0
  },
  {
    "id": "423b47fe-8933-4ba9-bf0b-a94ac28ffd96",
    "data": [
      {
        "text": "What if my roommate is sick?",
        "userDefined": false
      }
    ],
    "isTemplate": false,
    "count": 0,
    "updated": 0
  },
  {
    "id": "da953352-1122-4b5b-9cab-dea3cf8c1fbd",
    "data": [
      {
        "text": "What should I do if someone in my house gets sick with ",
        "userDefined": false
      },
      {
        "text": "COVID-19",
        "alias": "covid-19",
        "meta": "@covid-19",
        "userDefined": false
      },
      {
        "text": "?",
        "userDefined": false
      }
    ],
    "isTemplate": false,
    "count": 0,
    "updated": 0
  }
]