[
  {
    "id": "5f562ee3-7de7-49fc-97db-44db835bfa7d",
    "data": [
      {
        "text": "Should I buy more food or water",
        "userDefined": false
      }
    ],
    "isTemplate": false,
    "count": 0,
    "updated": 0
  },
  {
    "id": "ddbbe68e-b551-4a8b-9d8b-705ef0c98a99",
    "data": [
      {
        "text": "How much toilet paper do I need",
        "userDefined": false
      }
    ],
    "isTemplate": false,
    "count": 0,
    "updated": 0
  },
  {
    "id": "1cc38900-e333-4f1c-97da-7e653f00759e",
    "data": [
      {
        "text": "How much toilet paper do I need to survive covid-19",
        "userDefined": false
      }
    ],
    "isTemplate": false,
    "count": 0,
    "updated": 0
  },
  {
    "id": "bd5b8dc8-6fbd-401a-921b-ca57e1a02664",
    "data": [
      {
        "text": "What do I need to buy?",
        "userDefined": false
      }
    ],
    "isTemplate": false,
    "count": 0,
    "updated": 0
  },
  {
    "id": "9e77c0e7-5050-431a-b61a-4a0b33dc1030",
    "data": [
      {
        "text": "Is there anything in particular I need to stock up on?",
        "userDefined": false
      }
    ],
    "isTemplate": false,
    "count": 0,
    "updated": 0
  },
  {
    "id": "bd5f7fc0-4a66-4696-9667-aa79566b3495",
    "data": [
      {
        "text": "should i stock up on medicines",
        "userDefined": false
      }
    ],
    "isTemplate": false,
    "count": 0,
    "updated": 0
  },
  {
    "id": "4537e18b-db6a-40e1-88cc-b1efb119d137",
    "data": [
      {
        "text": "do I need to stock up on food etc",
        "userDefined": false
      }
    ],
    "isTemplate": false,
    "count": 1,
    "updated": 0
  },
  {
    "id": "408e842d-4a8b-4059-b6af-51a490ec493d",
    "data": [
      {
        "text": "do I need to bulk buy food",
        "userDefined": false
      }
    ],
    "isTemplate": false,
    "count": 1,
    "updated": 0
  },
  {
    "id": "d8e945ca-b59e-4972-bf64-4159cbb1c9ad",
    "data": [
      {
        "text": "what should I think about having handy at home incase I get it",
        "userDefined": false
      }
    ],
    "isTemplate": false,
    "count": 1,
    "updated": 0
  },
  {
    "id": "be29243a-b131-4e4f-84f3-4f00b9211127",
    "data": [
      {
        "text": "what should i Buy incase I get sick",
        "userDefined": false
      }
    ],
    "isTemplate": false,
    "count": 1,
    "updated": 0
  },
  {
    "id": "fa1b5300-b1d7-4891-8543-90690fada6bb",
    "data": [
      {
        "text": "do I need to  stock up on food",
        "userDefined": false
      }
    ],
    "isTemplate": false,
    "count": 0,
    "updated": 0
  },
  {
    "id": "1701b5dd-6be9-4929-bb1a-03b1c3c0c251",
    "data": [
      {
        "text": "should i stock up on medicins",
        "userDefined": false
      }
    ],
    "isTemplate": false,
    "count": 0,
    "updated": 0
  },
  {
    "id": "ec520710-8604-46a4-8462-f20bfdbd68d9",
    "data": [
      {
        "text": "do I need to stock up on food",
        "userDefined": false
      }
    ],
    "isTemplate": false,
    "count": 0,
    "updated": 0
  },
  {
    "id": "6e298f3e-28a9-47f6-8b19-318c98765fce",
    "data": [
      {
        "text": "what do I need to stock up on",
        "userDefined": false
      }
    ],
    "isTemplate": false,
    "count": 0,
    "updated": 0
  },
  {
    "id": "7c1751fb-0500-4b9e-a2b0-975beac66740",
    "data": [
      {
        "text": "what should I think about having handy at home",
        "userDefined": false
      }
    ],
    "isTemplate": false,
    "count": 0,
    "updated": 0
  },
  {
    "id": "2901f3cd-0882-4038-9bb4-61c6da7f6550",
    "data": [
      {
        "text": "should I provide myself with extra food at home",
        "userDefined": false
      }
    ],
    "isTemplate": false,
    "count": 0,
    "updated": 0
  },
  {
    "id": "7320f6c3-001a-4bc3-8426-28417982e3c8",
    "data": [
      {
        "text": "should I provide myself with having extra medicines at home",
        "userDefined": false
      }
    ],
    "isTemplate": false,
    "count": 0,
    "updated": 0
  },
  {
    "id": "030514b7-3267-4539-b58d-8e017f20c93e",
    "data": [
      {
        "text": "Okay, should I stock up?",
        "userDefined": false
      }
    ],
    "isTemplate": false,
    "count": 0,
    "updated": 0
  },
  {
    "id": "a9cfc80c-1b61-40eb-8bcc-32a6bf217c86",
    "data": [
      {
        "text": "should I stock up if I stay at home?",
        "userDefined": false
      }
    ],
    "isTemplate": false,
    "count": 0,
    "updated": 0
  },
  {
    "id": "20d60c00-9260-4245-ba03-5208b35ace9d",
    "data": [
      {
        "text": "what ",
        "userDefined": false
      },
      {
        "text": "coronavirus",
        "alias": "covid-19",
        "meta": "@covid-19",
        "userDefined": false
      },
      {
        "text": " supplies should I have at home?",
        "userDefined": false
      }
    ],
    "isTemplate": false,
    "count": 0,
    "updated": 0
  },
  {
    "id": "12be0540-7e82-4968-af19-8fcfb705fee3",
    "data": [
      {
        "text": "Food, supplies to buy for ",
        "userDefined": false
      },
      {
        "text": "coronavirus",
        "alias": "covid-19",
        "meta": "@covid-19",
        "userDefined": false
      }
    ],
    "isTemplate": false,
    "count": 0,
    "updated": 0
  },
  {
    "id": "f2c6a031-fa86-4f81-a1be-8de907dfca60",
    "data": [
      {
        "text": "what to buy for home quarantine during the ",
        "userDefined": false
      },
      {
        "text": "coronavirus",
        "alias": "covid-19",
        "meta": "@covid-19",
        "userDefined": false
      },
      {
        "text": "?",
        "userDefined": false
      }
    ],
    "isTemplate": false,
    "count": 0,
    "updated": 0
  },
  {
    "id": "76a603df-cbb2-481e-aa3f-0a41cb1faf9e",
    "data": [
      {
        "text": "covid-19 grocery list",
        "userDefined": false
      }
    ],
    "isTemplate": false,
    "count": 0,
    "updated": 0
  },
  {
    "id": "6439837e-5bf5-416c-8e94-99bc734f5326",
    "data": [
      {
        "text": "what to buy for the ",
        "userDefined": false
      },
      {
        "text": "coronavirus",
        "alias": "covid-19",
        "meta": "@covid-19",
        "userDefined": false
      },
      {
        "text": " outbreak",
        "userDefined": false
      }
    ],
    "isTemplate": false,
    "count": 0,
    "updated": 0
  },
  {
    "id": "537a0a7a-42a0-4d8d-aa44-9461718fe757",
    "data": [
      {
        "text": "essential quarantine items",
        "userDefined": false
      }
    ],
    "isTemplate": false,
    "count": 0,
    "updated": 0
  },
  {
    "id": "cb9be60a-16f6-4bcf-808a-fd431304b9f6",
    "data": [
      {
        "text": "coronavirus",
        "alias": "covid-19",
        "meta": "@covid-19",
        "userDefined": false
      },
      {
        "text": " shopping list",
        "userDefined": false
      }
    ],
    "isTemplate": false,
    "count": 0,
    "updated": 0
  },
  {
    "id": "5cc83e1f-f9c6-4a0e-b317-ee7fadb8a497",
    "data": [
      {
        "text": "What to stock up on so I\u0027m prepared?",
        "userDefined": false
      }
    ],
    "isTemplate": false,
    "count": 0,
    "updated": 0
  },
  {
    "id": "8cf86e2b-3e44-43d5-a29e-161443a4c678",
    "data": [
      {
        "text": "items to stock up",
        "userDefined": false
      }
    ],
    "isTemplate": false,
    "count": 0,
    "updated": 0
  },
  {
    "id": "17ddd245-62e5-4737-a8bf-30cc88ccb6bd",
    "data": [
      {
        "text": "What are the things that I need to purchase for my household?",
        "userDefined": false
      }
    ],
    "isTemplate": false,
    "count": 0,
    "updated": 0
  },
  {
    "id": "600e1cf2-81c8-475f-bdf2-a8f0cf7fe9be",
    "data": [
      {
        "text": "stock up checklist",
        "userDefined": false
      }
    ],
    "isTemplate": false,
    "count": 0,
    "updated": 0
  },
  {
    "id": "8a37f9a5-bdd5-46eb-83b9-81c6f231dabf",
    "data": [
      {
        "text": "Things to I should buy to stock up",
        "userDefined": false
      }
    ],
    "isTemplate": false,
    "count": 0,
    "updated": 0
  },
  {
    "id": "9d787854-7d28-4286-9524-e1e0ac0e4b9e",
    "data": [
      {
        "text": "What kind of supplies should I get to be prepared?",
        "userDefined": false
      }
    ],
    "isTemplate": false,
    "count": 0,
    "updated": 0
  },
  {
    "id": "6af8f0b6-67a8-439c-9b8a-819141c7d445",
    "data": [
      {
        "text": "What to stock up for ",
        "userDefined": false
      },
      {
        "text": "coronavirus",
        "alias": "covid-19",
        "meta": "@covid-19",
        "userDefined": false
      },
      {
        "text": "?",
        "userDefined": false
      }
    ],
    "isTemplate": false,
    "count": 0,
    "updated": 0
  }
]