[
  {
    "id": "36865dad-dc42-4055-aabe-dbce7e756c67",
    "data": [
      {
        "text": "Where can I get a vaccine?",
        "userDefined": false
      }
    ],
    "isTemplate": false,
    "count": 0,
    "updated": 0
  },
  {
    "id": "ab1a7bd7-6faf-44a7-a1fc-c949983fae54",
    "data": [
      {
        "text": "What about vaccines?",
        "userDefined": false
      }
    ],
    "isTemplate": false,
    "count": 0,
    "updated": 0
  },
  {
    "id": "22c85fb2-d819-45bb-9940-95495cdff8e8",
    "data": [
      {
        "text": "Can I get a vaccine?",
        "userDefined": false
      }
    ],
    "isTemplate": false,
    "count": 0,
    "updated": 0
  },
  {
    "id": "0c76ddb4-3b43-47d4-a8ea-969d7bfc1163",
    "data": [
      {
        "text": "I need a vaccine",
        "userDefined": false
      }
    ],
    "isTemplate": false,
    "count": 0,
    "updated": 0
  },
  {
    "id": "4861800f-e227-4a8b-9d73-f504bc3b5d3f",
    "data": [
      {
        "text": "Vaccine",
        "userDefined": false
      }
    ],
    "isTemplate": false,
    "count": 0,
    "updated": 0
  },
  {
    "id": "1cc3578b-9fbf-42dd-9f6e-15b059527347",
    "data": [
      {
        "text": "Do we have a vaccine available?",
        "userDefined": false
      }
    ],
    "isTemplate": false,
    "count": 0,
    "updated": 0
  },
  {
    "id": "821b426b-0316-467f-afe1-a6ae2d2543de",
    "data": [
      {
        "text": "when will they start testing vaccine",
        "userDefined": false
      }
    ],
    "isTemplate": false,
    "count": 0,
    "updated": 0
  },
  {
    "id": "f18a0f4d-4d84-4829-a658-4b46156696af",
    "data": [
      {
        "text": "Shall I get a pneumonia vaccine?",
        "userDefined": false
      }
    ],
    "isTemplate": false,
    "count": 1,
    "updated": 0
  },
  {
    "id": "071dc0ee-a287-4a9e-a926-2745febf5a2b",
    "data": [
      {
        "text": "is there a vaccine?",
        "userDefined": false
      }
    ],
    "isTemplate": false,
    "count": 0,
    "updated": 0
  },
  {
    "id": "2d8d06e6-7864-4154-b15a-b6401a06e73f",
    "data": [
      {
        "text": "Shall i get a flu shot?",
        "userDefined": false
      }
    ],
    "isTemplate": false,
    "count": 0,
    "updated": 0
  },
  {
    "id": "6ad7d013-a1bf-4fcd-8d5e-c4ae5a3e41b5",
    "data": [
      {
        "text": "Is there a vaccine?",
        "userDefined": false
      }
    ],
    "isTemplate": false,
    "count": 0,
    "updated": 0
  },
  {
    "id": "f0fb6c29-324e-4996-bc4a-3f212acfac1a",
    "data": [
      {
        "text": "When can I expect a vaccine?",
        "userDefined": false
      }
    ],
    "isTemplate": false,
    "count": 0,
    "updated": 0
  },
  {
    "id": "dce05cc8-22cd-4445-b6bc-f57247998036",
    "data": [
      {
        "text": "Is there a vaccine yet?",
        "userDefined": false
      }
    ],
    "isTemplate": false,
    "count": 1,
    "updated": 0
  },
  {
    "id": "a3d05917-7cfa-4fe0-9210-7576360da9be",
    "data": [
      {
        "text": "how far away is a ",
        "userDefined": false
      },
      {
        "text": "coronavirus",
        "alias": "covid-19",
        "meta": "@covid-19",
        "userDefined": false
      },
      {
        "text": " vaccine?",
        "userDefined": false
      }
    ],
    "isTemplate": false,
    "count": 0,
    "updated": 0
  },
  {
    "id": "44ddb4c9-1561-4a99-868a-bd7899e2b72e",
    "data": [
      {
        "text": "Where are we in the quest for a ",
        "userDefined": false
      },
      {
        "text": "coronavirus",
        "alias": "covid-19",
        "meta": "@covid-19",
        "userDefined": false
      },
      {
        "text": " vaccine",
        "userDefined": false
      }
    ],
    "isTemplate": false,
    "count": 0,
    "updated": 0
  },
  {
    "id": "0e99e22e-8dc4-456a-b560-48480684eb9c",
    "data": [
      {
        "text": "are we still waiting on the vaccine to be developed?",
        "userDefined": false
      }
    ],
    "isTemplate": false,
    "count": 0,
    "updated": 0
  },
  {
    "id": "7cf3a0ea-25dc-4652-a80b-cdd432b62334",
    "data": [
      {
        "text": "When could be see a ",
        "userDefined": false
      },
      {
        "text": "coronavirus",
        "alias": "covid-19",
        "meta": "@covid-19",
        "userDefined": false
      },
      {
        "text": " vaccine?",
        "userDefined": false
      }
    ],
    "isTemplate": false,
    "count": 0,
    "updated": 0
  },
  {
    "id": "6016af25-e024-449f-b666-68f69cb7729e",
    "data": [
      {
        "text": "Is it true that we have a vaccine already?",
        "userDefined": false
      }
    ],
    "isTemplate": false,
    "count": 0,
    "updated": 0
  },
  {
    "id": "125813c0-cf2e-43fe-b1f8-6eb8b72e418a",
    "data": [
      {
        "text": "Is a vaccine for the ",
        "userDefined": false
      },
      {
        "text": "coronavirus",
        "alias": "covid-19",
        "meta": "@covid-19",
        "userDefined": false
      },
      {
        "text": " coming?",
        "userDefined": false
      }
    ],
    "isTemplate": false,
    "count": 0,
    "updated": 0
  },
  {
    "id": "ebf06762-a194-4d03-becb-89987486988c",
    "data": [
      {
        "text": "coronavirus",
        "alias": "covid-19",
        "meta": "@covid-19",
        "userDefined": false
      },
      {
        "text": " vaccine",
        "userDefined": false
      }
    ],
    "isTemplate": false,
    "count": 0,
    "updated": 0
  },
  {
    "id": "71db0945-c6f9-4579-9e16-a948c01d6e9f",
    "data": [
      {
        "text": "Is a covid-19 vaccine coming soon?",
        "userDefined": false
      }
    ],
    "isTemplate": false,
    "count": 0,
    "updated": 0
  },
  {
    "id": "84e8dcb2-6e07-47de-80d1-c37fd7fb7170",
    "data": [
      {
        "text": "How close are we to a vaccine?",
        "userDefined": false
      }
    ],
    "isTemplate": false,
    "count": 0,
    "updated": 0
  },
  {
    "id": "53730d0d-8783-46e8-8f8e-c185ce7e5d7e",
    "data": [
      {
        "text": "When will a ",
        "userDefined": false
      },
      {
        "text": "coronavirus",
        "alias": "covid-19",
        "meta": "@covid-19",
        "userDefined": false
      },
      {
        "text": " vaccine be ready?",
        "userDefined": false
      }
    ],
    "isTemplate": false,
    "count": 0,
    "updated": 0
  },
  {
    "id": "4d95a508-1210-452e-9d25-8322f4ad4450",
    "data": [
      {
        "text": "Is there a vaccine available?",
        "userDefined": false
      }
    ],
    "isTemplate": false,
    "count": 0,
    "updated": 0
  },
  {
    "id": "16416e6c-4c69-4622-8052-863e93a447c0",
    "data": [
      {
        "text": "Is there a vaccine for ",
        "userDefined": false
      },
      {
        "text": "coronavirus",
        "alias": "covid-19",
        "meta": "@covid-19",
        "userDefined": false
      },
      {
        "text": "?",
        "userDefined": false
      }
    ],
    "isTemplate": false,
    "count": 0,
    "updated": 0
  }
]