[
  {
    "id": "7ac54910-3345-4573-b2da-7f00158d4538",
    "data": [
      {
        "text": "Animals with ",
        "userDefined": false
      },
      {
        "text": "coronavirus",
        "alias": "covid-19",
        "meta": "@covid-19",
        "userDefined": false
      }
    ],
    "isTemplate": false,
    "count": 0,
    "updated": 0
  },
  {
    "id": "a87ddd78-ac7d-4542-9471-e1cf4ac960de",
    "data": [
      {
        "text": "Can animals get ",
        "userDefined": false
      },
      {
        "text": "COVID-19",
        "alias": "covid-19",
        "meta": "@covid-19",
        "userDefined": false
      }
    ],
    "isTemplate": false,
    "count": 0,
    "updated": 0
  },
  {
    "id": "20a780e9-0d64-4f22-a827-dafb9b6bf8d8",
    "data": [
      {
        "text": "Which animals can get ",
        "userDefined": false
      },
      {
        "text": "COVID",
        "alias": "covid-19",
        "meta": "@covid-19",
        "userDefined": false
      }
    ],
    "isTemplate": false,
    "count": 0,
    "updated": 0
  },
  {
    "id": "5b490070-b874-441a-8fd5-761d934d8b0b",
    "data": [
      {
        "text": "What animals can get ",
        "userDefined": false
      },
      {
        "text": "COVID",
        "alias": "covid-19",
        "meta": "@covid-19",
        "userDefined": false
      }
    ],
    "isTemplate": false,
    "count": 0,
    "updated": 0
  },
  {
    "id": "b6935ce4-659d-4703-bd63-91b96a707bb3",
    "data": [
      {
        "text": "What animals can get ",
        "userDefined": false
      },
      {
        "text": "coronavirus",
        "alias": "covid-19",
        "meta": "@covid-19",
        "userDefined": false
      }
    ],
    "isTemplate": false,
    "count": 0,
    "updated": 0
  },
  {
    "id": "27c87116-2eb0-40e8-9814-337ba99974d8",
    "data": [
      {
        "text": "What animals can get ",
        "userDefined": false
      },
      {
        "text": "COVID-19",
        "alias": "covid-19",
        "meta": "@covid-19",
        "userDefined": false
      },
      {
        "text": "?",
        "userDefined": false
      }
    ],
    "isTemplate": false,
    "count": 0,
    "updated": 0
  }
]