[
  {
    "id": "208d7e9e-72cc-47ad-b610-a08e1d6fd585",
    "data": [
      {
        "text": "I\u0027m sick and have animals",
        "userDefined": false
      }
    ],
    "isTemplate": false,
    "count": 0,
    "updated": 0
  },
  {
    "id": "781cd05c-b0e4-4697-8978-629db4e8d23b",
    "data": [
      {
        "text": "I\u0027m sick and have pets",
        "userDefined": false
      }
    ],
    "isTemplate": false,
    "count": 0,
    "updated": 0
  },
  {
    "id": "9967374e-7e61-476c-8e3c-7449260e1e82",
    "data": [
      {
        "text": "Should I stay way from pets if I have ",
        "userDefined": false
      },
      {
        "text": "coronavirus",
        "alias": "covid-19",
        "meta": "@covid-19",
        "userDefined": false
      }
    ],
    "isTemplate": false,
    "count": 0,
    "updated": 0
  },
  {
    "id": "4e815e1b-dfdb-4b5e-8583-63167fc15390",
    "data": [
      {
        "text": "Should I avoid contact with pets or other animals if I am sick with ",
        "userDefined": false
      },
      {
        "text": "COVID-19",
        "alias": "covid-19",
        "meta": "@covid-19",
        "userDefined": false
      },
      {
        "text": "?",
        "userDefined": false
      }
    ],
    "isTemplate": false,
    "count": 0,
    "updated": 0
  },
  {
    "id": "1804bcf8-52ea-48f4-8711-2cfdee73d771",
    "data": [
      {
        "text": "What if I have pets when I\u0027m sick?",
        "userDefined": false
      }
    ],
    "isTemplate": false,
    "count": 0,
    "updated": 0
  },
  {
    "id": "2c8f061a-5ffe-4a41-a02e-5b9da6505286",
    "data": [
      {
        "text": "Should I avoid my pet while sick?",
        "userDefined": false
      }
    ],
    "isTemplate": false,
    "count": 0,
    "updated": 0
  }
]