[
  {
    "id": "d86c1523-ba7d-48cc-ae15-3aea38b35678",
    "data": [
      {
        "text": "Can I get COVID-19 from my pets or other animals?",
        "userDefined": false
      }
    ],
    "isTemplate": false,
    "count": 0,
    "updated": 0
  },
  {
    "id": "0044ec90-10d5-4ae4-8d3c-145260f853ed",
    "data": [
      {
        "text": "can I get it from pets?",
        "userDefined": false
      }
    ],
    "isTemplate": false,
    "count": 0,
    "updated": 0
  },
  {
    "id": "77d9474a-3e66-4349-8b71-fb3caf17528e",
    "data": [
      {
        "text": "Can my pets get the virus?",
        "userDefined": false
      }
    ],
    "isTemplate": false,
    "count": 0,
    "updated": 0
  },
  {
    "id": "c54bc971-fb02-40fa-a167-c6694458d317",
    "data": [
      {
        "text": "Can pets get the ",
        "userDefined": false
      },
      {
        "text": "virus",
        "alias": "covid-19",
        "meta": "@covid-19",
        "userDefined": false
      },
      {
        "text": ".",
        "userDefined": false
      }
    ],
    "isTemplate": false,
    "count": 1,
    "updated": 0
  },
  {
    "id": "cc1a5b4c-5c91-4d50-b725-e744ca8f31fd",
    "data": [
      {
        "text": "can I get it from mosquitoes?",
        "userDefined": false
      }
    ],
    "isTemplate": false,
    "count": 0,
    "updated": 0
  },
  {
    "id": "8fc9e867-9595-43dc-9419-d63113e0ffb5",
    "data": [
      {
        "text": "can bugs transfer it?",
        "userDefined": false
      }
    ],
    "isTemplate": false,
    "count": 0,
    "updated": 0
  },
  {
    "id": "29679fd0-4dc8-45fb-bad8-460766e1fad4",
    "data": [
      {
        "text": "can i get ",
        "userDefined": false
      },
      {
        "text": "coronavirus",
        "alias": "covid-19",
        "meta": "@covid-19",
        "userDefined": false
      },
      {
        "text": " from my dog?",
        "userDefined": false
      }
    ],
    "isTemplate": false,
    "count": 0,
    "updated": 0
  },
  {
    "id": "119bff68-0499-4f80-9c01-2987255bb2fa",
    "data": [
      {
        "text": "can my dog catch it?",
        "userDefined": false
      }
    ],
    "isTemplate": false,
    "count": 0,
    "updated": 0
  },
  {
    "id": "f25561aa-9886-4a4b-a4f1-dd38959d3fd0",
    "data": [
      {
        "text": "Can dogs get ",
        "userDefined": false
      },
      {
        "text": "corona",
        "alias": "covid-19",
        "meta": "@covid-19",
        "userDefined": false
      },
      {
        "text": " virus?",
        "userDefined": false
      }
    ],
    "isTemplate": false,
    "count": 0,
    "updated": 0
  },
  {
    "id": "a315b8fb-9bf4-4a7f-aac5-5bb02cac1f7b",
    "data": [
      {
        "text": "can I give the virus to my dog",
        "userDefined": false
      }
    ],
    "isTemplate": false,
    "count": 0,
    "updated": 0
  },
  {
    "id": "2748a3ac-ab98-46a4-b615-f4880af9ef57",
    "data": [
      {
        "text": "can I pass the virus over to a cat or other animal",
        "userDefined": false
      }
    ],
    "isTemplate": false,
    "count": 0,
    "updated": 0
  },
  {
    "id": "911e8cbd-0ca9-4e6e-873e-188035d8bc93",
    "data": [
      {
        "text": "Can my pet get the virus?",
        "userDefined": false
      }
    ],
    "isTemplate": false,
    "count": 1,
    "updated": 0
  },
  {
    "id": "bac2db9d-373f-4ac2-9db1-5c839d469328",
    "data": [
      {
        "text": "do animals get sick with this new disease?",
        "userDefined": false
      }
    ],
    "isTemplate": false,
    "count": 0,
    "updated": 0
  },
  {
    "id": "f358cfa6-ea4b-41f8-9b0e-f62bad3a7dfc",
    "data": [
      {
        "text": "can pets spread ",
        "userDefined": false
      },
      {
        "text": "covid-19",
        "alias": "covid-19",
        "meta": "@covid-19",
        "userDefined": true
      },
      {
        "text": "?",
        "userDefined": false
      }
    ],
    "isTemplate": false,
    "count": 0,
    "updated": 0
  },
  {
    "id": "d89f5792-9ca6-4c04-8588-5b21a67348cb",
    "data": [
      {
        "text": "Is it possible for my cats catch ",
        "userDefined": false
      },
      {
        "text": "coronavirus",
        "alias": "covid-19",
        "meta": "@covid-19",
        "userDefined": false
      },
      {
        "text": "?",
        "userDefined": false
      }
    ],
    "isTemplate": false,
    "count": 0,
    "updated": 0
  },
  {
    "id": "063e9662-b566-4abb-bffe-d723683cee4d",
    "data": [
      {
        "text": "Are my pets at risk as well?",
        "userDefined": false
      }
    ],
    "isTemplate": false,
    "count": 0,
    "updated": 0
  },
  {
    "id": "9dd06b3e-eb9d-4b5b-bb03-cd5d54f2a17f",
    "data": [
      {
        "text": "Can my dog get infected?",
        "userDefined": false
      }
    ],
    "isTemplate": false,
    "count": 0,
    "updated": 0
  }
]