[
  {
    "id": "0cfac421-a63d-4308-845b-b901c83228d8",
    "data": [
      {
        "text": "how many people have died so far?",
        "userDefined": false
      }
    ],
    "isTemplate": false,
    "count": 0,
    "updated": 0
  },
  {
    "id": "186c8aba-177d-4f64-9e57-86cc7a34f2e3",
    "data": [
      {
        "text": "what is the mortality rate so far ?",
        "userDefined": false
      }
    ],
    "isTemplate": false,
    "count": 0,
    "updated": 0
  },
  {
    "id": "a3433045-39c3-48ee-ab02-bb2f7ed83b3d",
    "data": [
      {
        "text": "people died in  ",
        "userDefined": false
      },
      {
        "text": "us",
        "alias": "geo-country",
        "meta": "@sys.geo-country",
        "userDefined": false
      }
    ],
    "isTemplate": false,
    "count": 0,
    "updated": 0
  },
  {
    "id": "e5027544-5407-45d8-a211-b6f53cc37bd5",
    "data": [
      {
        "text": "How many deaths have been reported in ",
        "userDefined": false
      },
      {
        "text": "New Zealand",
        "alias": "geo-country",
        "meta": "@sys.geo-country",
        "userDefined": false
      },
      {
        "text": "?",
        "userDefined": false
      }
    ],
    "isTemplate": false,
    "count": 0,
    "updated": 0
  },
  {
    "id": "c525b210-e260-4e9b-b83f-f47f00c4d0e1",
    "data": [
      {
        "text": "deaths in ",
        "userDefined": false
      },
      {
        "text": "india",
        "alias": "geo-country",
        "meta": "@sys.geo-country",
        "userDefined": false
      }
    ],
    "isTemplate": false,
    "count": 0,
    "updated": 0
  },
  {
    "id": "e52f7bd6-43b5-4dc0-8505-d9e9a6ca773c",
    "data": [
      {
        "text": "what is the mortality rrate in ages 30-40",
        "userDefined": false
      }
    ],
    "isTemplate": false,
    "count": 0,
    "updated": 0
  },
  {
    "id": "a2982db9-78f7-4871-8c50-7035363407c6",
    "data": [
      {
        "text": "How many deaths have been reported in ",
        "userDefined": false
      },
      {
        "text": "korea",
        "alias": "geo-country",
        "meta": "@sys.geo-country",
        "userDefined": false
      }
    ],
    "isTemplate": false,
    "count": 0,
    "updated": 0
  },
  {
    "id": "31c6af18-621b-4a4f-8c85-d67ac94bda48",
    "data": [
      {
        "text": "How many people have died in ",
        "userDefined": false
      },
      {
        "text": "Jordan",
        "alias": "geo-country",
        "meta": "@sys.geo-country",
        "userDefined": true
      },
      {
        "text": "?",
        "userDefined": false
      }
    ],
    "isTemplate": false,
    "count": 0,
    "updated": 0
  },
  {
    "id": "5986e422-8009-4e87-9c97-b1d286b3619b",
    "data": [
      {
        "text": "What\u0027s the number of deaf?",
        "userDefined": false
      }
    ],
    "isTemplate": false,
    "count": 0,
    "updated": 0
  },
  {
    "id": "46df6c25-fea1-4e53-a0e8-666c820307f0",
    "data": [
      {
        "text": "total death",
        "userDefined": false
      }
    ],
    "isTemplate": false,
    "count": 0,
    "updated": 0
  },
  {
    "id": "d09e57db-429c-437f-b72e-8166d820e5ae",
    "data": [
      {
        "text": "total death in ",
        "userDefined": false
      },
      {
        "text": "US",
        "alias": "geo-country",
        "meta": "@sys.geo-country",
        "userDefined": false
      }
    ],
    "isTemplate": false,
    "count": 0,
    "updated": 0
  },
  {
    "id": "268ceb34-6f82-443f-8d2d-5cf4fa8b2255",
    "data": [
      {
        "text": "How many deaths have been reported in ",
        "userDefined": false
      },
      {
        "text": "France",
        "alias": "geo-country",
        "meta": "@sys.geo-country",
        "userDefined": false
      },
      {
        "text": "?",
        "userDefined": false
      }
    ],
    "isTemplate": false,
    "count": 0,
    "updated": 0
  },
  {
    "id": "529118ec-7858-493d-9d83-c641a23ff6f5",
    "data": [
      {
        "text": "How many deaths have been reported in the ",
        "userDefined": false
      },
      {
        "text": "US",
        "alias": "geo-country",
        "meta": "@sys.geo-country",
        "userDefined": false
      },
      {
        "text": "?",
        "userDefined": false
      }
    ],
    "isTemplate": false,
    "count": 0,
    "updated": 0
  },
  {
    "id": "ecc8faaa-7466-4c87-ac10-6ad2fe46bff6",
    "data": [
      {
        "text": "How many ",
        "userDefined": false
      },
      {
        "text": "Corona",
        "alias": "covid-19",
        "meta": "@covid-19",
        "userDefined": false
      },
      {
        "text": " work deaths have happened in the ",
        "userDefined": false
      },
      {
        "text": "United Kingdom",
        "alias": "geo-country",
        "meta": "@sys.geo-country",
        "userDefined": false
      },
      {
        "text": "?",
        "userDefined": false
      }
    ],
    "isTemplate": false,
    "count": 0,
    "updated": 0
  },
  {
    "id": "d803bc28-fd90-422d-8bc2-af9e94c6e219",
    "data": [
      {
        "text": "Did anyone die come Coronavirus?",
        "userDefined": false
      }
    ],
    "isTemplate": false,
    "count": 0,
    "updated": 0
  },
  {
    "id": "f47fc0ce-3615-4a96-a026-d8900076a0f4",
    "data": [
      {
        "text": "How many people died from Corona virus?",
        "userDefined": false
      }
    ],
    "isTemplate": false,
    "count": 1,
    "updated": 0
  },
  {
    "id": "635f12c6-59cd-4b6f-93bd-6b37419e9b68",
    "data": [
      {
        "text": "how many died in the ",
        "userDefined": false
      },
      {
        "text": "uk",
        "alias": "geo-country",
        "meta": "@sys.geo-country",
        "userDefined": false
      },
      {
        "text": "?",
        "userDefined": false
      }
    ],
    "isTemplate": false,
    "count": 0,
    "updated": 0
  },
  {
    "id": "ecbf808f-5480-479d-b0fa-3ed5c7a71e0d",
    "data": [
      {
        "text": "died in usa",
        "userDefined": false
      }
    ],
    "isTemplate": false,
    "count": 0,
    "updated": 0
  },
  {
    "id": "a0393aef-9302-4e42-8227-abdbe549e1f1",
    "data": [
      {
        "text": "how many deaths so far in the ",
        "userDefined": false
      },
      {
        "text": "US",
        "alias": "geo-country",
        "meta": "@sys.geo-country",
        "userDefined": false
      }
    ],
    "isTemplate": false,
    "count": 0,
    "updated": 0
  },
  {
    "id": "d1ebba92-25d4-4db3-869a-748a0906c144",
    "data": [
      {
        "text": "How many people have died?",
        "userDefined": false
      }
    ],
    "isTemplate": false,
    "count": 1,
    "updated": 0
  },
  {
    "id": "d001a39c-5bbd-486b-8c6e-798b792a6df4",
    "data": [
      {
        "text": "what is the current mortality rate",
        "userDefined": false
      }
    ],
    "isTemplate": false,
    "count": 0,
    "updated": 0
  },
  {
    "id": "26efc976-70c5-44c9-a874-f187152be592",
    "data": [
      {
        "text": "how many deaths have there been in the ",
        "userDefined": false
      },
      {
        "text": "us",
        "alias": "geo-country",
        "meta": "@sys.geo-country",
        "userDefined": false
      }
    ],
    "isTemplate": false,
    "count": 0,
    "updated": 0
  },
  {
    "id": "87f61296-3a16-4a63-b527-90e2c9567efb",
    "data": [
      {
        "text": "How many deaths have there been from COVID-19 in the ",
        "userDefined": false
      },
      {
        "text": "United States",
        "alias": "geo-country",
        "meta": "@sys.geo-country",
        "userDefined": false
      },
      {
        "text": "?",
        "userDefined": false
      }
    ],
    "isTemplate": false,
    "count": 0,
    "updated": 0
  },
  {
    "id": "64f6bba6-0431-4436-8e20-e93f6e4f379c",
    "data": [
      {
        "text": "how many people die every day",
        "userDefined": false
      }
    ],
    "isTemplate": false,
    "count": 0,
    "updated": 0
  },
  {
    "id": "b39c5593-cbb3-47f7-802f-bdca6ef69f78",
    "data": [
      {
        "text": "how many people have died",
        "userDefined": false
      }
    ],
    "isTemplate": false,
    "count": 0,
    "updated": 0
  },
  {
    "id": "d6682ae9-1736-404b-8f54-eb351ea52b9f",
    "data": [
      {
        "text": "What is the mortality rate for covid",
        "userDefined": false
      }
    ],
    "isTemplate": false,
    "count": 0,
    "updated": 0
  },
  {
    "id": "a6c46855-7764-4363-89ca-d7b6a6801d72",
    "data": [
      {
        "text": "How many people have died covid?",
        "userDefined": false
      }
    ],
    "isTemplate": false,
    "count": 0,
    "updated": 0
  },
  {
    "id": "92f2efde-effb-436b-a95e-a464fe145077",
    "data": [
      {
        "text": "How many people have died in San Bernardino County?",
        "userDefined": false
      }
    ],
    "isTemplate": false,
    "count": 0,
    "updated": 0
  },
  {
    "id": "87cc405a-0de2-4975-8efe-a42d6bfac4e1",
    "data": [
      {
        "text": "the total number of deaths",
        "userDefined": false
      }
    ],
    "isTemplate": false,
    "count": 0,
    "updated": 0
  },
  {
    "id": "01483194-3849-46ac-8b3c-2bfcfb158305",
    "data": [
      {
        "text": "what is the death toll",
        "userDefined": false
      }
    ],
    "isTemplate": false,
    "count": 0,
    "updated": 0
  },
  {
    "id": "7347db84-e72a-48e9-afb7-27612fc3ec4a",
    "data": [
      {
        "text": "How many deaths have resulted from covid-19?",
        "userDefined": false
      }
    ],
    "isTemplate": false,
    "count": 0,
    "updated": 0
  },
  {
    "id": "eb6f36f0-eb21-4e56-ab90-8e738507f235",
    "data": [
      {
        "text": "How many people globally have died from the ",
        "userDefined": false
      },
      {
        "text": "coronavirus",
        "alias": "covid-19",
        "meta": "@covid-19",
        "userDefined": false
      },
      {
        "text": "?",
        "userDefined": false
      }
    ],
    "isTemplate": false,
    "count": 1,
    "updated": 0
  },
  {
    "id": "80d6c590-3682-43fc-8ed0-6bb3bcf053ee",
    "data": [
      {
        "text": "what\u0027s the fatality rate?",
        "userDefined": false
      }
    ],
    "isTemplate": false,
    "count": 0,
    "updated": 0
  },
  {
    "id": "1984798b-a0a4-4770-9022-6f6bcc039bff",
    "data": [
      {
        "text": "can you tell me death rate by age?",
        "userDefined": false
      }
    ],
    "isTemplate": false,
    "count": 0,
    "updated": 0
  },
  {
    "id": "d81b52d9-2d30-416d-a0cb-cf6f36fc50f9",
    "data": [
      {
        "text": "was is the mortality rate?",
        "userDefined": false
      }
    ],
    "isTemplate": false,
    "count": 0,
    "updated": 0
  },
  {
    "id": "db964f83-f0de-40fb-8122-e1d0cd281f0a",
    "data": [
      {
        "text": "Death rate in king county today",
        "userDefined": false
      }
    ],
    "isTemplate": false,
    "count": 0,
    "updated": 0
  },
  {
    "id": "5aedb188-29fa-43cc-940c-505ca0f8acc5",
    "data": [
      {
        "text": "Death count",
        "userDefined": false
      }
    ],
    "isTemplate": false,
    "count": 0,
    "updated": 0
  },
  {
    "id": "810de896-38d4-4228-853c-2388fe8ec1e5",
    "data": [
      {
        "text": "fatality rate",
        "userDefined": false
      }
    ],
    "isTemplate": false,
    "count": 0,
    "updated": 0
  },
  {
    "id": "8a4bf61c-3252-4bbd-9900-fac9bb4a70a6",
    "data": [
      {
        "text": "what is the current death count?",
        "userDefined": false
      }
    ],
    "isTemplate": false,
    "count": 0,
    "updated": 0
  },
  {
    "id": "bed54fb8-0a1e-43fc-8dc0-67708fd17be5",
    "data": [
      {
        "text": "US",
        "alias": "geo-country",
        "meta": "@sys.geo-country",
        "userDefined": true
      },
      {
        "text": " ",
        "userDefined": false
      },
      {
        "text": "coronavirus",
        "alias": "covid-19",
        "meta": "@covid-19",
        "userDefined": false
      },
      {
        "text": " death toll",
        "userDefined": false
      }
    ],
    "isTemplate": false,
    "count": 0,
    "updated": 0
  },
  {
    "id": "757ca063-f553-44e2-94c8-64db94c544f6",
    "data": [
      {
        "text": "coronavirus",
        "alias": "covid-19",
        "meta": "@covid-19",
        "userDefined": false
      },
      {
        "text": " death toll",
        "userDefined": false
      }
    ],
    "isTemplate": false,
    "count": 0,
    "updated": 0
  },
  {
    "id": "b9040968-6980-42e7-a988-86c2daf49df9",
    "data": [
      {
        "text": "how many people died",
        "userDefined": false
      }
    ],
    "isTemplate": false,
    "count": 0,
    "updated": 0
  },
  {
    "id": "4a0782da-f1e6-4aa1-bffb-bfcb95078604",
    "data": [
      {
        "text": "deaths number",
        "userDefined": false
      }
    ],
    "isTemplate": false,
    "count": 0,
    "updated": 0
  },
  {
    "id": "28f3963e-4d8f-45f3-9a08-ce22216b350e",
    "data": [
      {
        "text": "how many deaths",
        "userDefined": false
      }
    ],
    "isTemplate": false,
    "count": 0,
    "updated": 0
  },
  {
    "id": "9ee210bb-8f1a-4dac-b412-000cda57ddd8",
    "data": [
      {
        "text": "death rate",
        "userDefined": false
      }
    ],
    "isTemplate": false,
    "count": 0,
    "updated": 0
  },
  {
    "id": "55c7ef43-5158-49e9-95bd-a573cb561047",
    "data": [
      {
        "text": "What is the death rate of ",
        "userDefined": false
      },
      {
        "text": "coronavirus",
        "alias": "covid-19",
        "meta": "@covid-19",
        "userDefined": false
      },
      {
        "text": "?",
        "userDefined": false
      }
    ],
    "isTemplate": false,
    "count": 0,
    "updated": 0
  },
  {
    "id": "4a6e953e-864e-4138-b6e4-8a738eafb016",
    "data": [
      {
        "text": "How many people have died from ",
        "userDefined": false
      },
      {
        "text": "coronavirus",
        "alias": "covid-19",
        "meta": "@covid-19",
        "userDefined": false
      },
      {
        "text": "?",
        "userDefined": false
      }
    ],
    "isTemplate": false,
    "count": 0,
    "updated": 0
  }
]