[
  {
    "id": "2d723eb3-69aa-49a6-997b-9944f9147142",
    "data": [
      {
        "text": "Can I visit a patient with covid-19",
        "userDefined": false
      }
    ],
    "isTemplate": false,
    "count": 0,
    "updated": 0
  },
  {
    "id": "83af6294-5137-4143-b83c-8ed4cbf367f3",
    "data": [
      {
        "text": "Can I visit a patient with coronavirus",
        "userDefined": false
      }
    ],
    "isTemplate": false,
    "count": 0,
    "updated": 0
  },
  {
    "id": "2fd820cc-1739-4918-b41d-b1d078b400d9",
    "data": [
      {
        "text": "The rules of social distancing",
        "userDefined": false
      }
    ],
    "isTemplate": false,
    "count": 0,
    "updated": 0
  },
  {
    "id": "61331fd2-68c7-4005-ad88-3ae5bf378b47",
    "data": [
      {
        "text": "Can I still see my friends",
        "userDefined": false
      }
    ],
    "isTemplate": false,
    "count": 0,
    "updated": 0
  },
  {
    "id": "37815bed-fcfc-46f4-93d4-00ac19435210",
    "data": [
      {
        "text": "Why is social distancing so important?",
        "userDefined": false
      }
    ],
    "isTemplate": false,
    "count": 0,
    "updated": 0
  },
  {
    "id": "fdf76c4b-002a-4323-a225-d80e4514f22b",
    "data": [
      {
        "text": "What is social distancing?",
        "userDefined": false
      }
    ],
    "isTemplate": false,
    "count": 1,
    "updated": 0
  },
  {
    "id": "1254222e-9d22-46f6-bc0d-69f1accbda2f",
    "data": [
      {
        "text": "how far should I distance from another person",
        "userDefined": false
      }
    ],
    "isTemplate": false,
    "count": 0,
    "updated": 0
  },
  {
    "id": "5f5be682-1f8f-4e6f-8e7f-469a31388646",
    "data": [
      {
        "text": "why is it so important with social distancing",
        "userDefined": false
      }
    ],
    "isTemplate": false,
    "count": 1,
    "updated": 0
  },
  {
    "id": "d63c9a87-5d33-4c31-97cf-c54c01d9fff8",
    "data": [
      {
        "text": "how far apart",
        "userDefined": false
      }
    ],
    "isTemplate": false,
    "count": 0,
    "updated": 0
  },
  {
    "id": "4593c589-0466-4ffe-8df9-618f54836bb2",
    "data": [
      {
        "text": "what is social distancing",
        "userDefined": false
      }
    ],
    "isTemplate": false,
    "count": 1,
    "updated": 0
  },
  {
    "id": "ec6d3bbf-ef00-46d5-a432-e8f2239c00b3",
    "data": [
      {
        "text": "social distancing",
        "userDefined": false
      }
    ],
    "isTemplate": false,
    "count": 0,
    "updated": 0
  },
  {
    "id": "1481323d-aae3-48a7-be13-60f31994252a",
    "data": [
      {
        "text": "what does social distancing mean",
        "userDefined": false
      }
    ],
    "isTemplate": false,
    "count": 1,
    "updated": 0
  },
  {
    "id": "e66af74f-97e5-4dbb-90d9-08cf656581cb",
    "data": [
      {
        "text": "what is social distancing?",
        "userDefined": false
      }
    ],
    "isTemplate": false,
    "count": 0,
    "updated": 0
  }
]