[
  {
    "id": "96e92137-eba6-4056-a485-1a0eed6dae2a",
    "data": [
      {
        "text": "Can I start the screener",
        "userDefined": false
      }
    ],
    "isTemplate": false,
    "count": 0,
    "updated": 0
  },
  {
    "id": "0f725daf-5d85-4b0b-8d4c-903e879ba847",
    "data": [
      {
        "text": "Do the screener",
        "userDefined": false
      }
    ],
    "isTemplate": false,
    "count": 0,
    "updated": 0
  },
  {
    "id": "b4a91bf2-1aec-41a4-aeec-8375417e5314",
    "data": [
      {
        "text": "I want to be screened",
        "userDefined": false
      }
    ],
    "isTemplate": false,
    "count": 0,
    "updated": 0
  },
  {
    "id": "6ca974d8-469d-436b-bc1b-64e310b18ba4",
    "data": [
      {
        "text": "Start screener",
        "userDefined": false
      }
    ],
    "isTemplate": false,
    "count": 0,
    "updated": 0
  },
  {
    "id": "66c43fd0-fec7-4621-a24f-e11f759ff1e1",
    "data": [
      {
        "text": "I want to do screening",
        "userDefined": false
      }
    ],
    "isTemplate": false,
    "count": 0,
    "updated": 0
  },
  {
    "id": "ea78d789-1b51-42b0-ad79-419e85c69246",
    "data": [
      {
        "text": "start screening",
        "userDefined": false
      }
    ],
    "isTemplate": false,
    "count": 0,
    "updated": 0
  },
  {
    "id": "75f12fb7-8116-4866-9d31-9a73c0b99128",
    "data": [
      {
        "text": "Start Screening",
        "userDefined": false
      }
    ],
    "isTemplate": false,
    "count": 0,
    "updated": 0
  }
]