[
  {
    "id": "89617e58-7b0e-4a3f-b4e5-4ce6cc2a5708",
    "data": [
      {
        "text": "no satisfied",
        "userDefined": false
      }
    ],
    "isTemplate": false,
    "count": 0,
    "updated": 0
  },
  {
    "id": "34ff95bd-3439-4ec1-a86c-a3e675ca689a",
    "data": [
      {
        "text": "not satisfied",
        "userDefined": false
      }
    ],
    "isTemplate": false,
    "count": 0,
    "updated": 0
  },
  {
    "id": "d780242c-856d-40ec-bed7-99be36e6e008",
    "data": [
      {
        "text": "I do not have the information I need",
        "userDefined": false
      }
    ],
    "isTemplate": false,
    "count": 0,
    "updated": 0
  },
  {
    "id": "e392c21b-0d3d-4774-be5f-725d29bea138",
    "data": [
      {
        "text": "I don\u0027t have the information I need",
        "userDefined": false
      }
    ],
    "isTemplate": false,
    "count": 0,
    "updated": 0
  },
  {
    "id": "e1dad8d3-6484-4552-8a6e-fcd124158c68",
    "data": [
      {
        "text": "This was not helpful",
        "userDefined": false
      }
    ],
    "isTemplate": false,
    "count": 0,
    "updated": 0
  },
  {
    "id": "51345400-eee5-488a-bacb-d9e12862ee1a",
    "data": [
      {
        "text": "I am unhappy",
        "userDefined": false
      }
    ],
    "isTemplate": false,
    "count": 0,
    "updated": 0
  },
  {
    "id": "cebcc084-c7e0-40a2-99c6-284ecabb8467",
    "data": [
      {
        "text": "I am not satisfied",
        "userDefined": false
      }
    ],
    "isTemplate": false,
    "count": 0,
    "updated": 0
  },
  {
    "id": "c88a3d68-b898-449c-b9b5-b11761041fdd",
    "data": [
      {
        "text": "I\u0027m not satisfied",
        "userDefined": false
      }
    ],
    "isTemplate": false,
    "count": 0,
    "updated": 0
  }
]