[
  {
    "id": "b5d4c30c-60e4-425c-a257-4612e32f3fb1",
    "data": [
      {
        "text": "satisfied",
        "userDefined": false
      }
    ],
    "isTemplate": false,
    "count": 0,
    "updated": 0
  },
  {
    "id": "13a8af29-8fbd-484a-8d24-e94bab9ce49a",
    "data": [
      {
        "text": "very satisfied",
        "userDefined": false
      }
    ],
    "isTemplate": false,
    "count": 0,
    "updated": 0
  },
  {
    "id": "1bac5012-14a0-4473-9b1a-c6b2d30273af",
    "data": [
      {
        "text": "I got the information I needed",
        "userDefined": false
      }
    ],
    "isTemplate": false,
    "count": 0,
    "updated": 0
  },
  {
    "id": "0b7d15ba-db90-4669-949a-7697140f645c",
    "data": [
      {
        "text": "I am happy",
        "userDefined": false
      }
    ],
    "isTemplate": false,
    "count": 0,
    "updated": 0
  },
  {
    "id": "216fffea-55fa-48b1-991b-37017b41ee01",
    "data": [
      {
        "text": "I am satisfied",
        "userDefined": false
      }
    ],
    "isTemplate": false,
    "count": 0,
    "updated": 0
  },
  {
    "id": "b5c0e711-292c-4449-bc77-7568a7f99f46",
    "data": [
      {
        "text": "I\u0027m satisfied",
        "userDefined": false
      }
    ],
    "isTemplate": false,
    "count": 0,
    "updated": 0
  }
]