[
  {
    "id": "5288d724-e40a-44b0-823c-2af604aa1657",
    "data": [
      {
        "text": "Okay.",
        "userDefined": false
      }
    ],
    "isTemplate": false,
    "count": 0,
    "updated": 0
  },
  {
    "id": "666fc939-9059-4434-9100-aba5edae7207",
    "data": [
      {
        "text": "Tell more about COVID-19?",
        "userDefined": false
      }
    ],
    "isTemplate": false,
    "count": 0,
    "updated": 0
  },
  {
    "id": "52b8bf52-0728-4484-b18e-0d63e0b1f553",
    "data": [
      {
        "text": "got it",
        "userDefined": false
      }
    ],
    "isTemplate": false,
    "count": 0,
    "updated": 0
  },
  {
    "id": "3ce73dc3-6f66-44b3-ab61-55914a7bd7a5",
    "data": [
      {
        "text": "ok",
        "userDefined": false
      }
    ],
    "isTemplate": false,
    "count": 0,
    "updated": 0
  },
  {
    "id": "bde1ff90-9e01-4346-9fba-4920ceaa57df",
    "data": [
      {
        "text": "okay",
        "userDefined": false
      }
    ],
    "isTemplate": false,
    "count": 0,
    "updated": 0
  }
]