[
  {
    "id": "c05dbdf9-398f-4a53-ba53-fc92de54790a",
    "data": [
      {
        "text": "no that\u0027s it",
        "userDefined": false
      }
    ],
    "isTemplate": false,
    "count": 0,
    "updated": 0
  },
  {
    "id": "937c6c06-7039-40eb-8d71-765549b1b0e1",
    "data": [
      {
        "text": "nope that\u0027s it",
        "userDefined": false
      }
    ],
    "isTemplate": false,
    "count": 0,
    "updated": 0
  },
  {
    "id": "dc503129-cbd6-49c6-b8e3-f8d16e3a4aaa",
    "data": [
      {
        "text": "i\u0027m done",
        "userDefined": false
      }
    ],
    "isTemplate": false,
    "count": 0,
    "updated": 0
  },
  {
    "id": "0d75be7c-9571-4211-b219-5d25c3752fde",
    "data": [
      {
        "text": "no I\u0027m done",
        "userDefined": false
      }
    ],
    "isTemplate": false,
    "count": 0,
    "updated": 0
  },
  {
    "id": "cfc2b973-88a2-4feb-b61b-9838b81740b0",
    "data": [
      {
        "text": "no",
        "userDefined": false
      }
    ],
    "isTemplate": false,
    "count": 0,
    "updated": 0
  }
]