[
  {
    "id": "25d5ab2a-2b7b-4215-85bd-b9c6848da047",
    "data": [
      {
        "text": "Should I get tested if I don\u0027t feel that sick",
        "userDefined": false
      }
    ],
    "isTemplate": false,
    "count": 0,
    "updated": 0
  },
  {
    "id": "081b454e-06bb-470b-b138-0476d75f77a5",
    "data": [
      {
        "text": "I feel sick",
        "userDefined": false
      }
    ],
    "isTemplate": false,
    "count": 1,
    "updated": 0
  },
  {
    "id": "cdceb967-ddf5-4570-9aa4-83f2baeaec45",
    "data": [
      {
        "text": "Am I going to die?",
        "userDefined": false
      }
    ],
    "isTemplate": false,
    "count": 0,
    "updated": 0
  },
  {
    "id": "785de015-8f4a-4a2f-b1c0-bb5ab813c756",
    "data": [
      {
        "text": "nausea",
        "userDefined": false
      }
    ],
    "isTemplate": false,
    "count": 0,
    "updated": 0
  },
  {
    "id": "097196d8-2dfc-4241-b222-3ad5a945e9af",
    "data": [
      {
        "text": "should I go to hospital if I feel sick",
        "userDefined": false
      }
    ],
    "isTemplate": false,
    "count": 0,
    "updated": 0
  },
  {
    "id": "86988254-22ee-4a9e-a424-461ec0f2a285",
    "data": [
      {
        "text": "i have a bit sore throat, dizzying, am I got the virus ?",
        "userDefined": false
      }
    ],
    "isTemplate": false,
    "count": 0,
    "updated": 0
  },
  {
    "id": "85218c39-4a7b-4f98-8977-ceee7677b913",
    "data": [
      {
        "text": "i have a bit sore throat",
        "userDefined": false
      }
    ],
    "isTemplate": false,
    "count": 1,
    "updated": 0
  },
  {
    "id": "7acbc359-e3d6-422b-a339-2eb1e9e95d6d",
    "data": [
      {
        "text": "I have a cold",
        "userDefined": false
      }
    ],
    "isTemplate": false,
    "count": 0,
    "updated": 0
  },
  {
    "id": "e3796b79-3006-4f7f-80bb-896b25c6281c",
    "data": [
      {
        "text": "my temperature is ",
        "userDefined": false
      },
      {
        "text": "37.5 degree celsius",
        "alias": "temperature",
        "meta": "@sys.temperature",
        "userDefined": false
      }
    ],
    "isTemplate": false,
    "count": 0,
    "updated": 0
  },
  {
    "id": "8a9d59fb-3bdd-4d8b-8d36-4e2623df442b",
    "data": [
      {
        "text": "I have a temperature",
        "userDefined": false
      }
    ],
    "isTemplate": false,
    "count": 0,
    "updated": 0
  },
  {
    "id": "bbc7f4dc-41d6-43aa-84c5-23b1521d2f72",
    "data": [
      {
        "text": "I can\u0027t taste or smell anything",
        "userDefined": false
      }
    ],
    "isTemplate": false,
    "count": 0,
    "updated": 0
  },
  {
    "id": "954153a7-b985-4aa4-869b-5221160490f0",
    "data": [
      {
        "text": "I can\u0027t taste",
        "userDefined": false
      }
    ],
    "isTemplate": false,
    "count": 0,
    "updated": 0
  },
  {
    "id": "17201ab6-eb6a-46d0-b957-c20f591df825",
    "data": [
      {
        "text": "I can\u0027t smell",
        "userDefined": false
      }
    ],
    "isTemplate": false,
    "count": 0,
    "updated": 0
  },
  {
    "id": "958bb427-74ec-4a90-94e9-08edd2e6dd1d",
    "data": [
      {
        "text": "I\u0027m not feeling well. What can I do?",
        "userDefined": false
      }
    ],
    "isTemplate": false,
    "count": 0,
    "updated": 0
  },
  {
    "id": "03244820-97ee-4528-b297-f3b7b5f3d3b9",
    "data": [
      {
        "text": "how do i manage symptoms",
        "userDefined": false
      }
    ],
    "isTemplate": false,
    "count": 0,
    "updated": 0
  },
  {
    "id": "ba8fcbaf-d32a-498b-afc7-71232202307b",
    "data": [
      {
        "text": "Okay, what if I feel sick?",
        "userDefined": false
      }
    ],
    "isTemplate": false,
    "count": 0,
    "updated": 0
  },
  {
    "id": "78297fec-4db5-4a82-8007-2ff0037d3112",
    "data": [
      {
        "text": "I\u0027m feeling I have a headache and I feeling sick. What should I do?",
        "userDefined": false
      }
    ],
    "isTemplate": false,
    "count": 0,
    "updated": 0
  },
  {
    "id": "8de28d65-bae2-4d65-80ab-ecb1ea4fae2d",
    "data": [
      {
        "text": "What should I do if I have a sore throat?",
        "userDefined": false
      }
    ],
    "isTemplate": false,
    "count": 0,
    "updated": 0
  },
  {
    "id": "4e4392e5-156d-4705-99fa-5dc969d35aec",
    "data": [
      {
        "text": "how do i manage my symptoms?",
        "userDefined": false
      }
    ],
    "isTemplate": false,
    "count": 0,
    "updated": 0
  },
  {
    "id": "390f8fbe-fb12-4899-98e9-a6acd7a5f172",
    "data": [
      {
        "text": "what should i do if i get the virus?",
        "userDefined": false
      }
    ],
    "isTemplate": false,
    "count": 0,
    "updated": 0
  },
  {
    "id": "d6f88cd3-ff32-4abe-aad4-d79fb39a83ed",
    "data": [
      {
        "text": "What should I do if I have coronavirus?",
        "userDefined": false
      }
    ],
    "isTemplate": false,
    "count": 0,
    "updated": 0
  },
  {
    "id": "82aa74bf-df7c-4927-8148-644ec84141d2",
    "data": [
      {
        "text": "I think I\u0027ve been infected with coronavirus. What should I do?",
        "userDefined": false
      }
    ],
    "isTemplate": false,
    "count": 0,
    "updated": 0
  },
  {
    "id": "01e3cc11-d315-4327-8720-bfb134bfbfe2",
    "data": [
      {
        "text": "what should I do if I am sick",
        "userDefined": false
      }
    ],
    "isTemplate": false,
    "count": 1,
    "updated": 0
  },
  {
    "id": "da898b01-798f-4a45-9475-8eb8198520f1",
    "data": [
      {
        "text": "i have a runny nose, should I be tested?",
        "userDefined": false
      }
    ],
    "isTemplate": false,
    "count": 0,
    "updated": 0
  },
  {
    "id": "8512fa61-deb3-41f1-956e-970619eebfad",
    "data": [
      {
        "text": "My throat hurts",
        "userDefined": false
      }
    ],
    "isTemplate": false,
    "count": 0,
    "updated": 0
  },
  {
    "id": "e6caf606-49b9-47bb-b77f-d0890e42953f",
    "data": [
      {
        "text": "What should I do if my throat hurts?",
        "userDefined": false
      }
    ],
    "isTemplate": false,
    "count": 0,
    "updated": 0
  },
  {
    "id": "84ec4e48-309f-4698-ad1c-ad7c6e5e8d4c",
    "data": [
      {
        "text": "What should I do if my wife has Coronavirus?",
        "userDefined": false
      }
    ],
    "isTemplate": false,
    "count": 0,
    "updated": 0
  },
  {
    "id": "fde10ec8-f1e6-4169-a87b-b6f7baff7b66",
    "data": [
      {
        "text": "who can i call?",
        "userDefined": false
      }
    ],
    "isTemplate": false,
    "count": 0,
    "updated": 0
  },
  {
    "id": "ccf42957-8a89-4f8f-a59f-65d4511dac48",
    "data": [
      {
        "text": "Do I have coronavirus?",
        "userDefined": false
      }
    ],
    "isTemplate": false,
    "count": 0,
    "updated": 0
  },
  {
    "id": "501e3ae7-d65f-4c9f-85ff-d80532d668bc",
    "data": [
      {
        "text": "i have been exposed",
        "userDefined": false
      }
    ],
    "isTemplate": false,
    "count": 0,
    "updated": 0
  },
  {
    "id": "c5205ac6-15e4-4963-937d-fd4618865360",
    "data": [
      {
        "text": "i think i have corona",
        "userDefined": false
      }
    ],
    "isTemplate": false,
    "count": 0,
    "updated": 0
  },
  {
    "id": "8749c090-1610-461a-bfcb-130232843925",
    "data": [
      {
        "text": "Where can I get help?",
        "userDefined": false
      }
    ],
    "isTemplate": false,
    "count": 0,
    "updated": 0
  },
  {
    "id": "33fb00d8-7c86-4684-919c-ce9444f2f05c",
    "data": [
      {
        "text": "what if I can\u0027t get the medicine I need?",
        "userDefined": false
      }
    ],
    "isTemplate": false,
    "count": 0,
    "updated": 0
  },
  {
    "id": "fb8e7e3a-93d4-483f-a8ec-b3276593ef2d",
    "data": [
      {
        "text": "i don\u0027t feel well",
        "userDefined": false
      }
    ],
    "isTemplate": false,
    "count": 0,
    "updated": 0
  },
  {
    "id": "09c2b530-34f8-473f-9d28-e11e58440eb5",
    "data": [
      {
        "text": "should i take medicine?",
        "userDefined": false
      }
    ],
    "isTemplate": false,
    "count": 0,
    "updated": 0
  },
  {
    "id": "ebda8d22-9abc-4adb-b52c-fb59eae3d240",
    "data": [
      {
        "text": "how long will i be sick for?",
        "userDefined": false
      }
    ],
    "isTemplate": false,
    "count": 0,
    "updated": 0
  },
  {
    "id": "95f9418e-5fe2-42f5-8f3f-dbfdf081e2b3",
    "data": [
      {
        "text": "how long does the sickness last",
        "userDefined": false
      }
    ],
    "isTemplate": false,
    "count": 0,
    "updated": 0
  },
  {
    "id": "11c9a37d-943d-4953-873e-817954dec625",
    "data": [
      {
        "text": "where can I turn to if I need to speak with someone",
        "userDefined": false
      }
    ],
    "isTemplate": false,
    "count": 0,
    "updated": 0
  },
  {
    "id": "5c7f9818-e8d0-4b05-8f58-b7cc8bfb45ac",
    "data": [
      {
        "text": "What should I do if I think I have the coronavirus?",
        "userDefined": false
      }
    ],
    "isTemplate": false,
    "count": 0,
    "updated": 0
  },
  {
    "id": "25575c86-a051-4f65-8eff-a0112f086632",
    "data": [
      {
        "text": "where can I go for emergency in ",
        "userDefined": false
      },
      {
        "text": "san francisco",
        "alias": "geo-city",
        "meta": "@sys.geo-city",
        "userDefined": false
      }
    ],
    "isTemplate": false,
    "count": 0,
    "updated": 0
  },
  {
    "id": "370fe183-9f48-4bb8-b09f-a31b0bcffa53",
    "data": [
      {
        "text": "when do I know if I have to call my doctor",
        "userDefined": false
      }
    ],
    "isTemplate": false,
    "count": 0,
    "updated": 0
  },
  {
    "id": "3dcb79aa-97db-40a2-acdf-43701f060e6c",
    "data": [
      {
        "text": "Hi - I have some shortness of breath, but it might be allergies",
        "userDefined": false
      }
    ],
    "isTemplate": false,
    "count": 0,
    "updated": 0
  },
  {
    "id": "50c49873-b8ec-4daf-8ea0-a672ee1de181",
    "data": [
      {
        "text": "I have shortness of breath - what should i do?",
        "userDefined": false
      }
    ],
    "isTemplate": false,
    "count": 0,
    "updated": 0
  },
  {
    "id": "b5f22e8c-7709-4e27-8710-18a2563f1a7c",
    "data": [
      {
        "text": "where should I go if I have symptoms?",
        "userDefined": false
      }
    ],
    "isTemplate": false,
    "count": 0,
    "updated": 0
  },
  {
    "id": "35bd706f-e618-4029-9197-dbc4a2c7208c",
    "data": [
      {
        "text": "What do I do if I\u0027m not feeling well?",
        "userDefined": false
      }
    ],
    "isTemplate": false,
    "count": 0,
    "updated": 0
  },
  {
    "id": "5e5c07d2-0f24-4b91-b6ed-57944aed7a82",
    "data": [
      {
        "text": "What do I do if I have the virus",
        "userDefined": false
      }
    ],
    "isTemplate": false,
    "count": 0,
    "updated": 0
  },
  {
    "id": "a54f2439-e8ca-473d-95a0-ca2904080ec3",
    "data": [
      {
        "text": "Do I have coronavirus",
        "userDefined": false
      }
    ],
    "isTemplate": false,
    "count": 0,
    "updated": 0
  },
  {
    "id": "99def314-d852-4562-84b2-81d68a10b841",
    "data": [
      {
        "text": "Where can I seek help?",
        "userDefined": false
      }
    ],
    "isTemplate": false,
    "count": 0,
    "updated": 0
  },
  {
    "id": "16c82ec3-f6d7-47cd-9758-15bfd4af27ba",
    "data": [
      {
        "text": "what temperature should I look for?",
        "userDefined": false
      }
    ],
    "isTemplate": false,
    "count": 0,
    "updated": 0
  },
  {
    "id": "bf456e35-8cd0-474d-8ab7-c99cb0ec6136",
    "data": [
      {
        "text": "how do i get help?",
        "userDefined": false
      }
    ],
    "isTemplate": false,
    "count": 0,
    "updated": 0
  },
  {
    "id": "9d1ae4a3-4de2-4cbb-ab53-4769ab3347b8",
    "data": [
      {
        "text": "home remedies?",
        "userDefined": false
      }
    ],
    "isTemplate": false,
    "count": 0,
    "updated": 0
  },
  {
    "id": "fb974c55-bfde-4803-b4f4-6e346b4b4026",
    "data": [
      {
        "text": "what should i be doing if I am tested positive?",
        "userDefined": false
      }
    ],
    "isTemplate": false,
    "count": 0,
    "updated": 0
  },
  {
    "id": "71edce60-6979-43d4-b848-e93ce403031e",
    "data": [
      {
        "text": "what to do/",
        "userDefined": false
      }
    ],
    "isTemplate": false,
    "count": 0,
    "updated": 0
  },
  {
    "id": "eaf3e06b-38ad-4f9e-ab28-0261016a58ed",
    "data": [
      {
        "text": "im sick",
        "userDefined": false
      }
    ],
    "isTemplate": false,
    "count": 0,
    "updated": 0
  },
  {
    "id": "57880d46-c869-4048-83b0-287b45649180",
    "data": [
      {
        "text": "I have corona virus what should I do",
        "userDefined": false
      }
    ],
    "isTemplate": false,
    "count": 0,
    "updated": 0
  },
  {
    "id": "f083b35e-b3d2-44f5-953e-44c803221de3",
    "data": [
      {
        "text": "what are the help line numbers for covid 19?",
        "userDefined": false
      }
    ],
    "isTemplate": false,
    "count": 0,
    "updated": 0
  },
  {
    "id": "4f1b5e6e-476c-437d-97f3-594fdcaea1e8",
    "data": [
      {
        "text": "what should I do if see symptoms of covid ",
        "userDefined": false
      },
      {
        "text": "19",
        "alias": "number",
        "meta": "@sys.number",
        "userDefined": false
      }
    ],
    "isTemplate": false,
    "count": 0,
    "updated": 0
  },
  {
    "id": "363774e6-2653-4d03-8f83-6eb1d6aaf63f",
    "data": [
      {
        "text": "I am sneezing",
        "userDefined": false
      }
    ],
    "isTemplate": false,
    "count": 0,
    "updated": 0
  },
  {
    "id": "38900300-a9e1-4782-9d8a-cfe5d5cef175",
    "data": [
      {
        "text": "I am feeling tired",
        "userDefined": false
      }
    ],
    "isTemplate": false,
    "count": 0,
    "updated": 0
  },
  {
    "id": "698f6b0f-60c4-4d26-bb0b-eb94e36d2610",
    "data": [
      {
        "text": "what should i do if i am tested positive?",
        "userDefined": false
      }
    ],
    "isTemplate": false,
    "count": 0,
    "updated": 0
  },
  {
    "id": "a626c2cb-8b05-40ef-9944-ef818785f297",
    "data": [
      {
        "text": "When shall I go to see a doctor?",
        "userDefined": false
      }
    ],
    "isTemplate": false,
    "count": 0,
    "updated": 0
  },
  {
    "id": "3fc50766-63bd-4acd-a313-810038444f53",
    "data": [
      {
        "text": "When should I go to the hospital?",
        "userDefined": false
      }
    ],
    "isTemplate": false,
    "count": 0,
    "updated": 0
  },
  {
    "id": "f597252f-eb8e-4024-9dbb-c2157bfa2f4f",
    "data": [
      {
        "text": "do I have the virus?",
        "userDefined": false
      }
    ],
    "isTemplate": false,
    "count": 1,
    "updated": 0
  },
  {
    "id": "24854868-ee6c-4bb8-a2eb-b51bf8553fc6",
    "data": [
      {
        "text": "My child has covid-19, do I need to stay away from them?",
        "userDefined": false
      }
    ],
    "isTemplate": false,
    "count": 1,
    "updated": 0
  },
  {
    "id": "f790b15a-c41e-494e-8a45-904a4489f889",
    "data": [
      {
        "text": "I think my child has the virus, what do I do?",
        "userDefined": false
      }
    ],
    "isTemplate": false,
    "count": 1,
    "updated": 0
  },
  {
    "id": "61b4d98a-8c62-4edb-b662-c924f563ab10",
    "data": [
      {
        "text": "how do I know I have the virus",
        "userDefined": false
      }
    ],
    "isTemplate": false,
    "count": 0,
    "updated": 0
  },
  {
    "id": "d8e4ffe5-a7d8-46dc-a320-a67597e266af",
    "data": [
      {
        "text": "if you have a headache, do you have the coronavirus?",
        "userDefined": false
      }
    ],
    "isTemplate": false,
    "count": 1,
    "updated": 0
  },
  {
    "id": "3abc2c14-9f5a-4ea9-ba30-77d6365a9871",
    "data": [
      {
        "text": "am i going to die",
        "userDefined": false
      }
    ],
    "isTemplate": false,
    "count": 0,
    "updated": 0
  },
  {
    "id": "cf4b6356-3019-429d-8d0a-2d44d1e5116b",
    "data": [
      {
        "text": "Where should I go if i have symptoms",
        "userDefined": false
      }
    ],
    "isTemplate": false,
    "count": 0,
    "updated": 0
  },
  {
    "id": "4d95c818-3447-4681-8177-50bf1f832dd8",
    "data": [
      {
        "text": "Do I have the virus?",
        "userDefined": false
      }
    ],
    "isTemplate": false,
    "count": 1,
    "updated": 0
  },
  {
    "id": "ee8134cb-ced8-4d41-9255-cd569c560ab7",
    "data": [
      {
        "text": "if you have a headache, do you have the coronavirus",
        "userDefined": false
      }
    ],
    "isTemplate": false,
    "count": 0,
    "updated": 0
  },
  {
    "id": "d2c70f6a-10a2-486c-9972-7a453902537c",
    "data": [
      {
        "text": "Am I going to die",
        "userDefined": false
      }
    ],
    "isTemplate": false,
    "count": 0,
    "updated": 0
  },
  {
    "id": "1ee7b49e-189b-430e-acdb-2c4e3afb95a3",
    "data": [
      {
        "text": "am i going to die?",
        "userDefined": false
      }
    ],
    "isTemplate": false,
    "count": 0,
    "updated": 0
  },
  {
    "id": "fae832b7-ccca-4fe7-bd1b-030cf75c593d",
    "data": [
      {
        "text": "my child may be sick, do i need to see a doctor?",
        "userDefined": false
      }
    ],
    "isTemplate": false,
    "count": 0,
    "updated": 0
  },
  {
    "id": "b8b28301-4afd-4c4d-903d-273d447301f3",
    "data": [
      {
        "text": "I have shortness of breath - what should I do?",
        "userDefined": false
      }
    ],
    "isTemplate": false,
    "count": 0,
    "updated": 0
  },
  {
    "id": "91cd7fe9-3a9e-4bde-be58-68a052270947",
    "data": [
      {
        "text": "should I get tested if I have a headache",
        "userDefined": false
      }
    ],
    "isTemplate": false,
    "count": 0,
    "updated": 0
  },
  {
    "id": "cb36f717-651e-499c-884e-61014191a19d",
    "data": [
      {
        "text": "help",
        "userDefined": false
      }
    ],
    "isTemplate": false,
    "count": 0,
    "updated": 0
  },
  {
    "id": "712221ab-1e24-4ab7-97d2-c53258f1b429",
    "data": [
      {
        "text": "What do I do if i suspect that I have symptoms of the virus?",
        "userDefined": false
      }
    ],
    "isTemplate": false,
    "count": 1,
    "updated": 0
  },
  {
    "id": "a397930c-fac8-41d7-b3f1-65ed0202d87e",
    "data": [
      {
        "text": "What if I think I have the virus?",
        "userDefined": false
      }
    ],
    "isTemplate": false,
    "count": 1,
    "updated": 0
  },
  {
    "id": "778cbfbd-30a5-4792-aa9b-ce948f31123f",
    "data": [
      {
        "text": "how will I know I need a test for Coronavirus?",
        "userDefined": false
      }
    ],
    "isTemplate": false,
    "count": 0,
    "updated": 0
  },
  {
    "id": "2373cf44-acfb-4e6f-9577-1aed5acc817b",
    "data": [
      {
        "text": "Hi - I think that I might have coronavirus",
        "userDefined": false
      }
    ],
    "isTemplate": false,
    "count": 0,
    "updated": 0
  },
  {
    "id": "87c681a8-61ed-45c8-a0cd-52dda9a2215c",
    "data": [
      {
        "text": "where should I go if I have symptoms",
        "userDefined": false
      }
    ],
    "isTemplate": false,
    "count": 0,
    "updated": 0
  },
  {
    "id": "7b29201c-0476-4786-8b7e-784368f3d254",
    "data": [
      {
        "text": "What should I do if I feel sick?",
        "userDefined": false
      }
    ],
    "isTemplate": false,
    "count": 0,
    "updated": 0
  },
  {
    "id": "85217122-be56-456a-b1fe-9d2badf0aab4",
    "data": [
      {
        "text": "I think I\u0027ve been exposed. What should I do?",
        "userDefined": false
      }
    ],
    "isTemplate": false,
    "count": 0,
    "updated": 0
  },
  {
    "id": "10ee8ab8-5895-44e1-9dbb-e84b5a55f08a",
    "data": [
      {
        "text": "what happens if my child has the virus?",
        "userDefined": false
      }
    ],
    "isTemplate": false,
    "count": 0,
    "updated": 0
  },
  {
    "id": "b88dc222-e69e-4f97-bda1-4c7d401b6f70",
    "data": [
      {
        "text": "What do I do if I have Corona virus",
        "userDefined": false
      }
    ],
    "isTemplate": false,
    "count": 1,
    "updated": 0
  },
  {
    "id": "f9a22170-15af-49e8-adb3-fdfbe6295b64",
    "data": [
      {
        "text": "What do I do if I have Coronavirus",
        "userDefined": false
      }
    ],
    "isTemplate": false,
    "count": 0,
    "updated": 0
  },
  {
    "id": "1effef3d-cb05-4a78-9f3e-890b5f741a1e",
    "data": [
      {
        "text": "I\u0027m feeling sick, what should I do?",
        "userDefined": false
      }
    ],
    "isTemplate": false,
    "count": 0,
    "updated": 0
  },
  {
    "id": "fd510d24-4125-4090-8ad3-86502f6fc825",
    "data": [
      {
        "text": "I can\u0027t move",
        "userDefined": false
      }
    ],
    "isTemplate": false,
    "count": 0,
    "updated": 0
  },
  {
    "id": "4c4cdf9e-d2e7-4833-bbd8-d9e43333a96c",
    "data": [
      {
        "text": "What do I do if my left foot hurts",
        "userDefined": false
      }
    ],
    "isTemplate": false,
    "count": 0,
    "updated": 0
  },
  {
    "id": "4627d3be-efdb-40c0-9cd4-a078bb514865",
    "data": [
      {
        "text": "I think I have corona what should I do?",
        "userDefined": false
      }
    ],
    "isTemplate": false,
    "count": 0,
    "updated": 0
  },
  {
    "id": "6a13f1a6-9546-4342-b4ce-d337dd1b12b7",
    "data": [
      {
        "text": "who should i contact if i think i have covid",
        "userDefined": false
      }
    ],
    "isTemplate": false,
    "count": 0,
    "updated": 0
  },
  {
    "id": "07ffc737-c3c0-44dc-a4a7-8c886f1448f0",
    "data": [
      {
        "text": "My kids don\u0027t feel well",
        "userDefined": false
      }
    ],
    "isTemplate": false,
    "count": 0,
    "updated": 0
  },
  {
    "id": "214de278-1a82-4c31-ad6b-c1d878fc87d6",
    "data": [
      {
        "text": "I\u0027m worried I have covid ",
        "userDefined": false
      },
      {
        "text": "19",
        "alias": "number",
        "meta": "@sys.number",
        "userDefined": false
      }
    ],
    "isTemplate": false,
    "count": 0,
    "updated": 0
  },
  {
    "id": "6b0dd94a-122b-4102-98cc-df4ffccfedd3",
    "data": [
      {
        "text": "I just threw up",
        "userDefined": false
      }
    ],
    "isTemplate": false,
    "count": 0,
    "updated": 0
  },
  {
    "id": "fec84bd9-b318-4a1d-8ba2-87606f8d5bb2",
    "data": [
      {
        "text": "Do I have Caronavirus?",
        "userDefined": false
      }
    ],
    "isTemplate": false,
    "count": 0,
    "updated": 0
  },
  {
    "id": "611f8065-7ea4-4269-9f27-c455b3a8052b",
    "data": [
      {
        "text": "I don\u0027t feel well",
        "userDefined": false
      }
    ],
    "isTemplate": false,
    "count": 0,
    "updated": 0
  },
  {
    "id": "e4e600c9-f893-462b-8ae5-5ba6a4dd07df",
    "data": [
      {
        "text": "My dad is 72 years old and he has symptoms last week. Do I need to take him to the hospital?",
        "userDefined": false
      }
    ],
    "isTemplate": false,
    "count": 0,
    "updated": 0
  },
  {
    "id": "aaed577c-94d7-4235-97a7-c0af2060704a",
    "data": [
      {
        "text": "Help",
        "userDefined": false
      }
    ],
    "isTemplate": false,
    "count": 0,
    "updated": 0
  },
  {
    "id": "9a229b55-95c6-4013-83a8-884a0461fe61",
    "data": [
      {
        "text": "Where should I go if i have any symptoms?",
        "userDefined": false
      }
    ],
    "isTemplate": false,
    "count": 0,
    "updated": 0
  },
  {
    "id": "d5b65319-08f6-4624-935a-b427b9813560",
    "data": [
      {
        "text": "i feel sick",
        "userDefined": false
      }
    ],
    "isTemplate": false,
    "count": 0,
    "updated": 0
  }
]