[
  {
    "id": "3ee0a531-bee4-499e-b221-4aa8553ffcfe",
    "data": [
      {
        "text": "I prefer not to answer",
        "userDefined": false
      }
    ],
    "isTemplate": false,
    "count": 0,
    "updated": 0
  },
  {
    "id": "69094710-71d6-4c2a-8b3d-71c746145042",
    "data": [
      {
        "text": "In between",
        "userDefined": false
      }
    ],
    "isTemplate": false,
    "count": 0,
    "updated": 0
  },
  {
    "id": "e1fd21ce-2fe4-48d7-a7d5-4cb2ade49f65",
    "data": [
      {
        "text": "I don\u0027t want to answer this question",
        "userDefined": false
      }
    ],
    "isTemplate": false,
    "count": 0,
    "updated": 0
  },
  {
    "id": "eb753f64-1623-4d5f-80b5-fa771f726dcd",
    "data": [
      {
        "text": "I don\u0027t want to answer this survey",
        "userDefined": false
      }
    ],
    "isTemplate": false,
    "count": 0,
    "updated": 0
  },
  {
    "id": "f568e717-6612-4c7b-83a7-c5f1798a77c8",
    "data": [
      {
        "text": "I don\u0027t know",
        "userDefined": false
      }
    ],
    "isTemplate": false,
    "count": 0,
    "updated": 0
  },
  {
    "id": "e622ac8b-ef99-4998-bcbf-3d881cb65cb2",
    "data": [
      {
        "text": "Neither",
        "userDefined": false
      }
    ],
    "isTemplate": false,
    "count": 0,
    "updated": 0
  },
  {
    "id": "2538638b-4bc5-48ac-8d92-24ee2e5afbf2",
    "data": [
      {
        "text": "I don\u0027t want to participate",
        "userDefined": false
      }
    ],
    "isTemplate": false,
    "count": 0,
    "updated": 0
  },
  {
    "id": "89563b8b-8300-44d3-9ef0-d67273ea929e",
    "data": [
      {
        "text": "I don\u0027t want to answer",
        "userDefined": false
      }
    ],
    "isTemplate": false,
    "count": 0,
    "updated": 0
  }
]