[
  {
    "id": "1f834585-0d9a-43e3-8f1f-3af93650ae1b",
    "data": [
      {
        "text": "What\u0027s your name?",
        "userDefined": false
      }
    ],
    "isTemplate": false,
    "count": 0,
    "updated": 0
  },
  {
    "id": "d90495e3-6102-4436-9bad-cc1d57894ec6",
    "data": [
      {
        "text": "are you a bot?",
        "userDefined": false
      }
    ],
    "isTemplate": false,
    "count": 0,
    "updated": 0
  },
  {
    "id": "49aad765-02fb-48a9-8dbd-554e13626887",
    "data": [
      {
        "text": "What are you?",
        "userDefined": false
      }
    ],
    "isTemplate": false,
    "count": 1,
    "updated": 0
  },
  {
    "id": "68e1ce9d-e515-41cf-ab54-120f3856cf72",
    "data": [
      {
        "text": "are you a boss",
        "userDefined": false
      }
    ],
    "isTemplate": false,
    "count": 0,
    "updated": 0
  },
  {
    "id": "d36507b8-1d67-406f-a7d2-f5d27e65e8bf",
    "data": [
      {
        "text": "your name please",
        "userDefined": false
      }
    ],
    "isTemplate": false,
    "count": 0,
    "updated": 0
  },
  {
    "id": "994b53e0-7262-4312-86ec-3688aece963a",
    "data": [
      {
        "text": "what can I call you?",
        "userDefined": false
      }
    ],
    "isTemplate": false,
    "count": 0,
    "updated": 0
  },
  {
    "id": "51e991bf-126b-40e0-b595-7327e3f3ffbb",
    "data": [
      {
        "text": "what are you known as?",
        "userDefined": false
      }
    ],
    "isTemplate": false,
    "count": 0,
    "updated": 0
  },
  {
    "id": "ddbe2005-e720-4a9a-8a07-bcefa0bcaf41",
    "data": [
      {
        "text": "what are you called?",
        "userDefined": false
      }
    ],
    "isTemplate": false,
    "count": 0,
    "updated": 0
  },
  {
    "id": "9b502633-2ffc-4d7d-9e5b-98417f339df0",
    "data": [
      {
        "text": "do you have a name?",
        "userDefined": false
      }
    ],
    "isTemplate": false,
    "count": 0,
    "updated": 0
  },
  {
    "id": "f4d607e0-7a71-43cb-a373-cc0a0671fc9d",
    "data": [
      {
        "text": "What\u0027s your name",
        "userDefined": false
      }
    ],
    "isTemplate": false,
    "count": 0,
    "updated": 0
  }
]