[
  {
    "id": "425ab507-87ee-41cf-9d3c-addb073e6a31",
    "data": [
      {
        "text": "Thank you. Good. Bye.",
        "userDefined": false
      }
    ],
    "isTemplate": false,
    "count": 0,
    "updated": 0
  },
  {
    "id": "e9422418-e7ca-452c-86c1-562d21a8b7de",
    "data": [
      {
        "text": "Okay, that\u0027s all I want to ask.",
        "userDefined": false
      }
    ],
    "isTemplate": false,
    "count": 0,
    "updated": 0
  },
  {
    "id": "7844e489-374e-4bb5-a706-cdb6b9668998",
    "data": [
      {
        "text": "Okay, that\u0027s all.",
        "userDefined": false
      }
    ],
    "isTemplate": false,
    "count": 0,
    "updated": 0
  },
  {
    "id": "865c09fe-8773-46ea-b267-a5a6c221d44b",
    "data": [
      {
        "text": "That\u0027s all the questions I have.",
        "userDefined": false
      }
    ],
    "isTemplate": false,
    "count": 0,
    "updated": 0
  },
  {
    "id": "bda3c96b-49ad-4b6c-8bad-927e515d9932",
    "data": [
      {
        "text": "That\u0027s all for now.",
        "userDefined": false
      }
    ],
    "isTemplate": false,
    "count": 0,
    "updated": 0
  },
  {
    "id": "83a34b40-1e9a-402c-8ec5-4b7bff6ccf36",
    "data": [
      {
        "text": "that\u0027s all of my questions",
        "userDefined": false
      }
    ],
    "isTemplate": false,
    "count": 0,
    "updated": 0
  },
  {
    "id": "a90e3848-a9ac-4dcc-a239-694e867eef2b",
    "data": [
      {
        "text": "i don\u0027t have anything else to ask",
        "userDefined": false
      }
    ],
    "isTemplate": false,
    "count": 0,
    "updated": 0
  },
  {
    "id": "ccbcbd25-4e42-4554-8bd3-cc67a764b78b",
    "data": [
      {
        "text": "that\u0027s it",
        "userDefined": false
      }
    ],
    "isTemplate": false,
    "count": 0,
    "updated": 0
  },
  {
    "id": "5b63035e-2fed-4f3b-9f48-e6c1b9861cc4",
    "data": [
      {
        "text": "Okay, that\u0027s all my questions",
        "userDefined": false
      }
    ],
    "isTemplate": false,
    "count": 0,
    "updated": 0
  },
  {
    "id": "793e05de-1f30-4eb6-9679-dc997bf7ad9c",
    "data": [
      {
        "text": "Have a nice day.",
        "userDefined": false
      }
    ],
    "isTemplate": false,
    "count": 0,
    "updated": 0
  },
  {
    "id": "cba86c85-0dde-492d-9964-748991c267c8",
    "data": [
      {
        "text": "Bye. Bye.",
        "userDefined": false
      }
    ],
    "isTemplate": false,
    "count": 0,
    "updated": 0
  },
  {
    "id": "206bc19d-032f-42bf-a873-35c7eeb37e40",
    "data": [
      {
        "text": "bye bye",
        "userDefined": false
      }
    ],
    "isTemplate": false,
    "count": 0,
    "updated": 0
  },
  {
    "id": "5891fded-fedb-45cf-868e-7ca418b13a15",
    "data": [
      {
        "text": "bye",
        "userDefined": false
      }
    ],
    "isTemplate": false,
    "count": 1,
    "updated": 0
  },
  {
    "id": "5e06d11f-775d-42da-ad4b-16d8c300d72d",
    "data": [
      {
        "text": "by",
        "userDefined": false
      }
    ],
    "isTemplate": false,
    "count": 0,
    "updated": 0
  },
  {
    "id": "7ae795e8-c88b-4a84-82a8-fb1fd3d584d6",
    "data": [
      {
        "text": "Good. Bye.",
        "userDefined": false
      }
    ],
    "isTemplate": false,
    "count": 0,
    "updated": 0
  },
  {
    "id": "c3bd5b65-fced-4d14-aff4-ff9293ba08a1",
    "data": [
      {
        "text": "Good bye!",
        "userDefined": false
      }
    ],
    "isTemplate": false,
    "count": 0,
    "updated": 0
  }
]