[
  {
    "id": "b23138c7-878c-4273-aace-8ca00c52bbea",
    "data": [
      {
        "text": "What can you do?",
        "userDefined": false
      }
    ],
    "isTemplate": false,
    "count": 0,
    "updated": 0
  },
  {
    "id": "17bb44fc-e046-4375-b716-b988a8f59b3a",
    "data": [
      {
        "text": "what can you answer?",
        "userDefined": false
      }
    ],
    "isTemplate": false,
    "count": 0,
    "updated": 0
  },
  {
    "id": "4130bb63-8d5b-4c07-ad11-b12b370a45d5",
    "data": [
      {
        "text": "What can i ask you?",
        "userDefined": false
      }
    ],
    "isTemplate": false,
    "count": 0,
    "updated": 0
  },
  {
    "id": "bbc70ae6-c686-4ca3-9422-96d781472df5",
    "data": [
      {
        "text": "howdy",
        "userDefined": false
      }
    ],
    "isTemplate": false,
    "count": 0,
    "updated": 0
  },
  {
    "id": "9bbaf9b0-93c3-4519-9faa-309a22777782",
    "data": [
      {
        "text": "just going to say hi",
        "userDefined": false
      }
    ],
    "isTemplate": false,
    "count": 0,
    "updated": 0
  },
  {
    "id": "fb3ffeb3-527e-42cf-ad51-e6e453ebd1c3",
    "data": [
      {
        "text": "trying to say hello",
        "userDefined": false
      }
    ],
    "isTemplate": false,
    "count": 0,
    "updated": 0
  },
  {
    "id": "420047ff-112f-452e-90e0-d597ff025534",
    "data": [
      {
        "text": "greetings",
        "userDefined": false
      }
    ],
    "isTemplate": false,
    "count": 0,
    "updated": 0
  },
  {
    "id": "f52b6792-48d0-4a93-86cf-0af19991537d",
    "data": [
      {
        "text": "hey there",
        "userDefined": false
      }
    ],
    "isTemplate": false,
    "count": 0,
    "updated": 0
  },
  {
    "id": "bfe32615-5951-4667-a8fc-034d14024ff9",
    "data": [
      {
        "text": "hello there",
        "userDefined": false
      }
    ],
    "isTemplate": false,
    "count": 0,
    "updated": 0
  },
  {
    "id": "c3f4eb08-a3c4-44c2-b38b-4680c8aee2bd",
    "data": [
      {
        "text": "How can you help me",
        "userDefined": false
      }
    ],
    "isTemplate": false,
    "count": 0,
    "updated": 0
  },
  {
    "id": "a2485811-e00c-42cd-b148-ef5d12963ded",
    "data": [
      {
        "text": "What can you help me with?",
        "userDefined": false
      }
    ],
    "isTemplate": false,
    "count": 0,
    "updated": 0
  },
  {
    "id": "3576d899-ae98-4188-9c62-6a3c7fc32c9e",
    "data": [
      {
        "text": "what can I ask",
        "userDefined": false
      }
    ],
    "isTemplate": false,
    "count": 0,
    "updated": 0
  },
  {
    "id": "65941a61-b8d8-4a68-8d39-6d0ce9bbe89f",
    "data": [
      {
        "text": "what can you help with?",
        "userDefined": false
      }
    ],
    "isTemplate": false,
    "count": 1,
    "updated": 0
  },
  {
    "id": "09064eba-7e19-4f90-8cef-b5e7dea536c8",
    "data": [
      {
        "text": "How can you help me?",
        "userDefined": false
      }
    ],
    "isTemplate": false,
    "count": 0,
    "updated": 0
  },
  {
    "id": "43fead0a-7b15-42a3-9766-c70af0ff45ec",
    "data": [
      {
        "text": "what can you help me with",
        "userDefined": false
      }
    ],
    "isTemplate": false,
    "count": 0,
    "updated": 0
  },
  {
    "id": "86268619-cac8-4061-a259-0d1180225e49",
    "data": [
      {
        "text": "what is it that you help with?",
        "userDefined": false
      }
    ],
    "isTemplate": false,
    "count": 0,
    "updated": 0
  },
  {
    "id": "52fcb436-e38e-450d-802e-ff5500db7b8b",
    "data": [
      {
        "text": "What can I ask?",
        "userDefined": false
      }
    ],
    "isTemplate": false,
    "count": 0,
    "updated": 0
  },
  {
    "id": "f801b5f7-d07c-42c1-b80f-811762132608",
    "data": [
      {
        "text": "hello hello",
        "userDefined": false
      }
    ],
    "isTemplate": false,
    "count": 0,
    "updated": 0
  }
]