[
  {
    "id": "30508f63-30f5-41ae-af55-b6a2ebc8f2eb",
    "data": [
      {
        "text": "I want to talk to a live agent.",
        "userDefined": false
      }
    ],
    "isTemplate": false,
    "count": 0,
    "updated": 0
  },
  {
    "id": "5664e582-f79f-4051-9726-6efd77451abe",
    "data": [
      {
        "text": "representative transfer",
        "userDefined": false
      }
    ],
    "isTemplate": false,
    "count": 0,
    "updated": 0
  },
  {
    "id": "395c2b17-c05a-4c73-a8d1-675b996d6b97",
    "data": [
      {
        "text": "talk to representative",
        "userDefined": false
      }
    ],
    "isTemplate": false,
    "count": 0,
    "updated": 0
  },
  {
    "id": "92b4b793-3e22-4d2c-90fe-5ecc8ff145d5",
    "data": [
      {
        "text": "human agent please",
        "userDefined": false
      }
    ],
    "isTemplate": false,
    "count": 0,
    "updated": 0
  },
  {
    "id": "5db15f44-cbb4-419f-8fef-285f16b5d61f",
    "data": [
      {
        "text": "i need to talk to a human",
        "userDefined": false
      }
    ],
    "isTemplate": false,
    "count": 0,
    "updated": 0
  },
  {
    "id": "364f725e-db08-426c-9e13-dbfbeb8bc67c",
    "data": [
      {
        "text": "transfer me to a live agent",
        "userDefined": false
      }
    ],
    "isTemplate": false,
    "count": 0,
    "updated": 0
  },
  {
    "id": "7fd00f53-ece5-4a69-8166-8ed97ddfb550",
    "data": [
      {
        "text": "talk to a nurse",
        "userDefined": false
      }
    ],
    "isTemplate": false,
    "count": 0,
    "updated": 0
  },
  {
    "id": "161c5687-90c8-44cf-bf6f-d36153ad0cf1",
    "data": [
      {
        "text": "chat with a representative",
        "userDefined": false
      }
    ],
    "isTemplate": false,
    "count": 0,
    "updated": 0
  },
  {
    "id": "a8ad58f3-f0bb-41fd-ad20-795670736838",
    "data": [
      {
        "text": "I want to talk to a live agent",
        "userDefined": false
      }
    ],
    "isTemplate": false,
    "count": 0,
    "updated": 0
  }
]